dimension,piece,rank_within_piece,code,orientation,anchor,sockets,solutions,share_percent,dead
2D,A,1,A-o1@D1,1,D1,"D1 E1 E2 E3",11072,2.984206,no
2D,A,2,A-o3@A9,3,A9,"A9 A10 A11 B11",11072,2.984206,no
2D,A,3,A-o5@D11,5,D11,"D11 E9 E10 E11",11072,2.984206,no
2D,A,4,A-o7@A1,7,A1,"A1 A2 A3 B1",11072,2.984206,no
2D,A,5,A-o0@C11,0,C11,"C11 D11 E10 E11",9306,2.508221,no
2D,A,6,A-o2@A1,2,A1,"A1 A2 B1 C1",9306,2.508221,no
2D,A,7,A-o4@C1,4,C1,"C1 D1 E1 E2",9306,2.508221,no
2D,A,8,A-o6@A10,6,A10,"A10 A11 B11 C11",9306,2.508221,no
2D,A,9,A-o1@D9,1,D9,"D9 E9 E10 E11",4922,1.326613,no
2D,A,10,A-o3@A1,3,A1,"A1 A2 A3 B3",4922,1.326613,no
2D,A,11,A-o5@D3,5,D3,"D3 E1 E2 E3",4922,1.326613,no
2D,A,12,A-o7@A9,7,A9,"A9 A10 A11 B9",4922,1.326613,no
2D,A,13,A-o0@C2,0,C2,"C2 D2 E1 E2",4519,1.217994,no
2D,A,14,A-o2@A10,2,A10,"A10 A11 B10 C10",4519,1.217994,no
2D,A,15,A-o4@C10,4,C10,"C10 D10 E10 E11",4519,1.217994,no
2D,A,16,A-o6@A1,6,A1,"A1 A2 B2 C2",4519,1.217994,no
2D,A,17,A-o1@A1,1,A1,"A1 B1 B2 B3",3787,1.020700,no
2D,A,18,A-o3@D9,3,D9,"D9 D10 D11 E11",3787,1.020700,no
2D,A,19,A-o5@A11,5,A11,"A11 B9 B10 B11",3787,1.020700,no
2D,A,20,A-o7@D1,7,D1,"D1 D2 D3 E1",3787,1.020700,no
2D,A,21,A-o0@A11,0,A11,"A11 B11 C10 C11",3342,0.900760,no
2D,A,22,A-o2@C1,2,C1,"C1 C2 D1 E1",3342,0.900760,no
2D,A,23,A-o4@A1,4,A1,"A1 B1 C1 C2",3342,0.900760,no
2D,A,24,A-o6@C10,6,C10,"C10 C11 D11 E11",3342,0.900760,no
2D,A,25,A-o1@D7,1,D7,"D7 E7 E8 E9",3001,0.808851,no
2D,A,26,A-o3@A3,3,A3,"A3 A4 A5 B5",3001,0.808851,no
2D,A,27,A-o5@D5,5,D5,"D5 E3 E4 E5",3001,0.808851,no
2D,A,28,A-o7@A7,7,A7,"A7 A8 A9 B7",3001,0.808851,no
2D,A,29,A-o1@D3,1,D3,"D3 E3 E4 E5",2950,0.795105,no
2D,A,30,A-o3@A7,3,A7,"A7 A8 A9 B9",2950,0.795105,no
2D,A,31,A-o5@D9,5,D9,"D9 E7 E8 E9",2950,0.795105,no
2D,A,32,A-o7@A3,7,A3,"A3 A4 A5 B3",2950,0.795105,no
2D,A,33,A-o1@D5,1,D5,"D5 E5 E6 E7",2678,0.721794,no
2D,A,34,A-o3@A5,3,A5,"A5 A6 A7 B7",2678,0.721794,no
2D,A,35,A-o5@D7,5,D7,"D7 E5 E6 E7",2678,0.721794,no
2D,A,36,A-o7@A5,7,A5,"A5 A6 A7 B5",2678,0.721794,no
2D,A,37,A-o1@D6,1,D6,"D6 E6 E7 E8",2597,0.699962,no
2D,A,38,A-o3@A4,3,A4,"A4 A5 A6 B6",2597,0.699962,no
2D,A,39,A-o5@D6,5,D6,"D6 E4 E5 E6",2597,0.699962,no
2D,A,40,A-o7@A6,7,A6,"A6 A7 A8 B6",2597,0.699962,no
2D,A,41,A-o1@D4,1,D4,"D4 E4 E5 E6",2476,0.667349,no
2D,A,42,A-o3@A6,3,A6,"A6 A7 A8 B8",2476,0.667349,no
2D,A,43,A-o5@D8,5,D8,"D8 E6 E7 E8",2476,0.667349,no
2D,A,44,A-o7@A4,7,A4,"A4 A5 A6 B4",2476,0.667349,no
2D,A,45,A-o0@C7,0,C7,"C7 D7 E6 E7",2142,0.577327,no
2D,A,46,A-o2@A5,2,A5,"A5 A6 B5 C5",2142,0.577327,no
2D,A,47,A-o4@C5,4,C5,"C5 D5 E5 E6",2142,0.577327,no
2D,A,48,A-o6@A6,6,A6,"A6 A7 B7 C7",2142,0.577327,no
2D,A,49,A-o0@C5,0,C5,"C5 D5 E4 E5",1878,0.506172,no
2D,A,50,A-o2@A7,2,A7,"A7 A8 B7 C7",1878,0.506172,no
2D,A,51,A-o4@C7,4,C7,"C7 D7 E7 E8",1878,0.506172,no
2D,A,52,A-o6@A4,6,A4,"A4 A5 B5 C5",1878,0.506172,no
2D,A,53,A-o0@C8,0,C8,"C8 D8 E7 E8",1784,0.480837,no
2D,A,54,A-o2@A4,2,A4,"A4 A5 B4 C4",1784,0.480837,no
2D,A,55,A-o4@C4,4,C4,"C4 D4 E4 E5",1784,0.480837,no
2D,A,56,A-o6@A7,6,A7,"A7 A8 B8 C8",1784,0.480837,no
2D,A,57,A-o0@B10,0,B10,"B10 C10 D9 D10",1685,0.454153,no
2D,A,58,A-o2@B2,2,B2,"B2 B3 C2 D2",1685,0.454153,no
2D,A,59,A-o4@B2,4,B2,"B2 C2 D2 D3",1685,0.454153,no
2D,A,60,A-o6@B9,6,B9,"B9 B10 C10 D10",1685,0.454153,no
2D,A,61,A-o0@C9,0,C9,"C9 D9 E8 E9",1622,0.437173,no
2D,A,62,A-o2@A3,2,A3,"A3 A4 B3 C3",1622,0.437173,no
2D,A,63,A-o4@C3,4,C3,"C3 D3 E3 E4",1622,0.437173,no
2D,A,64,A-o6@A8,6,A8,"A8 A9 B9 C9",1622,0.437173,no
2D,A,65,A-o1@D2,1,D2,"D2 E2 E3 E4",1498,0.403752,no
2D,A,66,A-o3@A8,3,A8,"A8 A9 A10 B10",1498,0.403752,no
2D,A,67,A-o5@D10,5,D10,"D10 E8 E9 E10",1498,0.403752,no
2D,A,68,A-o7@A2,7,A2,"A2 A3 A4 B2",1498,0.403752,no
2D,A,69,A-o0@C4,0,C4,"C4 D4 E3 E4",1445,0.389467,no
2D,A,70,A-o2@A8,2,A8,"A8 A9 B8 C8",1445,0.389467,no
2D,A,71,A-o4@C8,4,C8,"C8 D8 E8 E9",1445,0.389467,no
2D,A,72,A-o6@A3,6,A3,"A3 A4 B4 C4",1445,0.389467,no
2D,A,73,A-o1@C8,1,C8,"C8 D8 D9 D10",1274,0.343378,no
2D,A,74,A-o3@B2,3,B2,"B2 B3 B4 C4",1274,0.343378,no
2D,A,75,A-o5@C4,5,C4,"C4 D2 D3 D4",1274,0.343378,no
2D,A,76,A-o7@B8,7,B8,"B8 B9 B10 C8",1274,0.343378,no
2D,A,77,A-o0@C10,0,C10,"C10 D10 E9 E10",1241,0.334483,no
2D,A,78,A-o2@A2,2,A2,"A2 A3 B2 C2",1241,0.334483,no
2D,A,79,A-o4@C2,4,C2,"C2 D2 E2 E3",1241,0.334483,no
2D,A,80,A-o6@A9,6,A9,"A9 A10 B10 C10",1241,0.334483,no
2D,A,81,A-o0@C6,0,C6,"C6 D6 E5 E6",1217,0.328015,no
2D,A,82,A-o2@A6,2,A6,"A6 A7 B6 C6",1217,0.328015,no
2D,A,83,A-o4@C6,4,C6,"C6 D6 E6 E7",1217,0.328015,no
2D,A,84,A-o6@A5,6,A5,"A5 A6 B6 C6",1217,0.328015,no
2D,A,85,A-o0@B4,0,B4,"B4 C4 D3 D4",1063,0.286507,no
2D,A,86,A-o2@B8,2,B8,"B8 B9 C8 D8",1063,0.286507,no
2D,A,87,A-o4@B8,4,B8,"B8 C8 D8 D9",1063,0.286507,no
2D,A,88,A-o6@B3,6,B3,"B3 B4 C4 D4",1063,0.286507,no
2D,A,89,A-o1@A7,1,A7,"A7 B7 B8 B9",1055,0.284351,no
2D,A,90,A-o3@D3,3,D3,"D3 D4 D5 E5",1055,0.284351,no
2D,A,91,A-o5@A5,5,A5,"A5 B3 B4 B5",1055,0.284351,no
2D,A,92,A-o7@D7,7,D7,"D7 D8 D9 E7",1055,0.284351,no
2D,A,93,A-o1@A8,1,A8,"A8 B8 B9 B10",1026,0.276535,no
2D,A,94,A-o3@D2,3,D2,"D2 D3 D4 E4",1026,0.276535,no
2D,A,95,A-o5@A4,5,A4,"A4 B2 B3 B4",1026,0.276535,no
2D,A,96,A-o7@D8,7,D8,"D8 D9 D10 E8",1026,0.276535,no
2D,A,97,A-o1@C1,1,C1,"C1 D1 D2 D3",1015,0.273570,no
2D,A,98,A-o3@B9,3,B9,"B9 B10 B11 C11",1015,0.273570,no
2D,A,99,A-o5@C11,5,C11,"C11 D9 D10 D11",1015,0.273570,no
2D,A,100,A-o7@B1,7,B1,"B1 B2 B3 C1",1015,0.273570,no
2D,A,101,A-o1@C2,1,C2,"C2 D2 D3 D4",995,0.268180,no
2D,A,102,A-o3@B8,3,B8,"B8 B9 B10 C10",995,0.268180,no
2D,A,103,A-o5@C10,5,C10,"C10 D8 D9 D10",995,0.268180,no
2D,A,104,A-o7@B2,7,B2,"B2 B3 B4 C2",995,0.268180,no
2D,A,105,A-o0@B9,0,B9,"B9 C9 D8 D9",963,0.259555,no
2D,A,106,A-o2@B3,2,B3,"B3 B4 C3 D3",963,0.259555,no
2D,A,107,A-o4@B3,4,B3,"B3 C3 D3 D4",963,0.259555,no
2D,A,108,A-o6@B8,6,B8,"B8 B9 C9 D9",963,0.259555,no
2D,A,109,A-o0@B2,0,B2,"B2 C2 D1 D2",953,0.256859,no
2D,A,110,A-o2@B10,2,B10,"B10 B11 C10 D10",953,0.256859,no
2D,A,111,A-o4@B10,4,B10,"B10 C10 D10 D11",953,0.256859,no
2D,A,112,A-o6@B1,6,B1,"B1 B2 C2 D2",953,0.256859,no
2D,A,113,A-o0@C3,0,C3,"C3 D3 E2 E3",932,0.251199,no
2D,A,114,A-o2@A9,2,A9,"A9 A10 B9 C9",932,0.251199,no
2D,A,115,A-o4@C9,4,C9,"C9 D9 E9 E10",932,0.251199,no
2D,A,116,A-o6@A2,6,A2,"A2 A3 B3 C3",932,0.251199,no
2D,A,117,A-o1@A4,1,A4,"A4 B4 B5 B6",862,0.232332,no
2D,A,118,A-o3@D6,3,D6,"D6 D7 D8 E8",862,0.232332,no
2D,A,119,A-o5@A8,5,A8,"A8 B6 B7 B8",862,0.232332,no
2D,A,120,A-o7@D4,7,D4,"D4 D5 D6 E4",862,0.232332,no
2D,A,121,A-o0@B3,0,B3,"B3 C3 D2 D3",853,0.229907,no
2D,A,122,A-o2@B9,2,B9,"B9 B10 C9 D9",853,0.229907,no
2D,A,123,A-o4@B9,4,B9,"B9 C9 D9 D10",853,0.229907,no
2D,A,124,A-o6@B2,6,B2,"B2 B3 C3 D3",853,0.229907,no
2D,A,125,A-o0@A5,0,A5,"A5 B5 C4 C5",841,0.226672,no
2D,A,126,A-o2@C7,2,C7,"C7 C8 D7 E7",841,0.226672,no
2D,A,127,A-o4@A7,4,A7,"A7 B7 C7 C8",841,0.226672,no
2D,A,128,A-o6@C4,6,C4,"C4 C5 D5 E5",841,0.226672,no
2D,A,129,A-o0@B6,0,B6,"B6 C6 D5 D6",792,0.213466,no
2D,A,130,A-o2@B6,2,B6,"B6 B7 C6 D6",792,0.213466,no
2D,A,131,A-o4@B6,4,B6,"B6 C6 D6 D7",792,0.213466,no
2D,A,132,A-o6@B5,6,B5,"B5 B6 C6 D6",792,0.213466,no
2D,A,133,A-o1@D8,1,D8,"D8 E8 E9 E10",783,0.211040,no
2D,A,134,A-o3@A2,3,A2,"A2 A3 A4 B4",783,0.211040,no
2D,A,135,A-o5@D4,5,D4,"D4 E2 E3 E4",783,0.211040,no
2D,A,136,A-o7@A8,7,A8,"A8 A9 A10 B8",783,0.211040,no
2D,A,137,A-o0@B11,0,B11,"B11 C11 D10 D11",748,0.201606,no
2D,A,138,A-o2@B1,2,B1,"B1 B2 C1 D1",748,0.201606,no
2D,A,139,A-o4@B1,4,B1,"B1 C1 D1 D2",748,0.201606,no
2D,A,140,A-o6@B10,6,B10,"B10 B11 C11 D11",748,0.201606,no
2D,A,141,A-o0@B7,0,B7,"B7 C7 D6 D7",703,0.189478,no
2D,A,142,A-o2@B5,2,B5,"B5 B6 C5 D5",703,0.189478,no
2D,A,143,A-o4@B5,4,B5,"B5 C5 D5 D6",703,0.189478,no
2D,A,144,A-o6@B6,6,B6,"B6 B7 C7 D7",703,0.189478,no
2D,A,145,A-o1@B2,1,B2,"B2 C2 C3 C4",696,0.187591,no
2D,A,146,A-o3@C8,3,C8,"C8 C9 C10 D10",696,0.187591,no
2D,A,147,A-o5@B10,5,B10,"B10 C8 C9 C10",696,0.187591,no
2D,A,148,A-o7@C2,7,C2,"C2 C3 C4 D2",696,0.187591,no
2D,A,149,A-o0@B8,0,B8,"B8 C8 D7 D8",677,0.182470,no
2D,A,150,A-o2@B4,2,B4,"B4 B5 C4 D4",677,0.182470,no
2D,A,151,A-o4@B4,4,B4,"B4 C4 D4 D5",677,0.182470,no
2D,A,152,A-o6@B7,6,B7,"B7 B8 C8 D8",677,0.182470,no
2D,A,153,A-o1@C4,1,C4,"C4 D4 D5 D6",634,0.170880,no
2D,A,154,A-o3@B6,3,B6,"B6 B7 B8 C8",634,0.170880,no
2D,A,155,A-o5@C8,5,C8,"C8 D6 D7 D8",634,0.170880,no
2D,A,156,A-o7@B4,7,B4,"B4 B5 B6 C4",634,0.170880,no
2D,A,157,A-o0@A4,0,A4,"A4 B4 C3 C4",628,0.169263,no
2D,A,158,A-o1@B1,1,B1,"B1 C1 C2 C3",628,0.169263,no
2D,A,159,A-o2@C8,2,C8,"C8 C9 D8 E8",628,0.169263,no
2D,A,160,A-o3@C9,3,C9,"C9 C10 C11 D11",628,0.169263,no
2D,A,161,A-o4@A8,4,A8,"A8 B8 C8 C9",628,0.169263,no
2D,A,162,A-o5@B11,5,B11,"B11 C9 C10 C11",628,0.169263,no
2D,A,163,A-o6@C3,6,C3,"C3 C4 D4 E4",628,0.169263,no
2D,A,164,A-o7@C1,7,C1,"C1 C2 C3 D1",628,0.169263,no
2D,A,165,A-o1@C9,1,C9,"C9 D9 D10 D11",609,0.164142,no
2D,A,166,A-o3@B1,3,B1,"B1 B2 B3 C3",609,0.164142,no
2D,A,167,A-o5@C3,5,C3,"C3 D1 D2 D3",609,0.164142,no
2D,A,168,A-o7@B9,7,B9,"B9 B10 B11 C9",609,0.164142,no
2D,A,169,A-o0@A3,0,A3,"A3 B3 C2 C3",598,0.161177,no
2D,A,170,A-o2@C9,2,C9,"C9 C10 D9 E9",598,0.161177,no
2D,A,171,A-o4@A9,4,A9,"A9 B9 C9 C10",598,0.161177,no
2D,A,172,A-o6@C2,6,C2,"C2 C3 D3 E3",598,0.161177,no
2D,A,173,A-o0@A8,0,A8,"A8 B8 C7 C8",582,0.156865,no
2D,A,174,A-o2@C4,2,C4,"C4 C5 D4 E4",582,0.156865,no
2D,A,175,A-o4@A4,4,A4,"A4 B4 C4 C5",582,0.156865,no
2D,A,176,A-o6@C7,6,C7,"C7 C8 D8 E8",582,0.156865,no
2D,A,177,A-o1@A5,1,A5,"A5 B5 B6 B7",547,0.147431,no
2D,A,178,A-o3@D5,3,D5,"D5 D6 D7 E7",547,0.147431,no
2D,A,179,A-o5@A7,5,A7,"A7 B5 B6 B7",547,0.147431,no
2D,A,180,A-o7@D5,7,D5,"D5 D6 D7 E5",547,0.147431,no
2D,A,181,A-o1@C5,1,C5,"C5 D5 D6 D7",530,0.142849,no
2D,A,182,A-o3@B5,3,B5,"B5 B6 B7 C7",530,0.142849,no
2D,A,183,A-o5@C7,5,C7,"C7 D5 D6 D7",530,0.142849,no
2D,A,184,A-o7@B5,7,B5,"B5 B6 B7 C5",530,0.142849,no
2D,A,185,A-o0@A7,0,A7,"A7 B7 C6 C7",522,0.140693,no
2D,A,186,A-o2@C5,2,C5,"C5 C6 D5 E5",522,0.140693,no
2D,A,187,A-o4@A5,4,A5,"A5 B5 C5 C6",522,0.140693,no
2D,A,188,A-o6@C6,6,C6,"C6 C7 D7 E7",522,0.140693,no
2D,A,189,A-o1@B9,1,B9,"B9 C9 C10 C11",469,0.126408,no
2D,A,190,A-o3@C1,3,C1,"C1 C2 C3 D3",469,0.126408,no
2D,A,191,A-o5@B3,5,B3,"B3 C1 C2 C3",469,0.126408,no
2D,A,192,A-o7@C9,7,C9,"C9 C10 C11 D9",469,0.126408,no
2D,A,193,A-o1@C6,1,C6,"C6 D6 D7 D8",464,0.125061,no
2D,A,194,A-o3@B4,3,B4,"B4 B5 B6 C6",464,0.125061,no
2D,A,195,A-o5@C6,5,C6,"C6 D4 D5 D6",464,0.125061,no
2D,A,196,A-o7@B6,7,B6,"B6 B7 B8 C6",464,0.125061,no
2D,A,197,A-o1@B8,1,B8,"B8 C8 C9 C10",449,0.121018,no
2D,A,198,A-o3@C2,3,C2,"C2 C3 C4 D4",449,0.121018,no
2D,A,199,A-o5@B4,5,B4,"B4 C2 C3 C4",449,0.121018,no
2D,A,200,A-o7@C8,7,C8,"C8 C9 C10 D8",449,0.121018,no
2D,A,201,A-o1@A2,1,A2,"A2 B2 B3 B4",444,0.119670,no
2D,A,202,A-o3@D8,3,D8,"D8 D9 D10 E10",444,0.119670,no
2D,A,203,A-o5@A10,5,A10,"A10 B8 B9 B10",444,0.119670,no
2D,A,204,A-o7@D2,7,D2,"D2 D3 D4 E2",444,0.119670,no
2D,A,205,A-o1@B6,1,B6,"B6 C6 C7 C8",438,0.118053,no
2D,A,206,A-o3@C4,3,C4,"C4 C5 C6 D6",438,0.118053,no
2D,A,207,A-o5@B6,5,B6,"B6 C4 C5 C6",438,0.118053,no
2D,A,208,A-o7@C6,7,C6,"C6 C7 C8 D6",438,0.118053,no
2D,A,209,A-o0@B5,0,B5,"B5 C5 D4 D5",419,0.112932,no
2D,A,210,A-o2@B7,2,B7,"B7 B8 C7 D7",419,0.112932,no
2D,A,211,A-o4@B7,4,B7,"B7 C7 D7 D8",419,0.112932,no
2D,A,212,A-o6@B4,6,B4,"B4 B5 C5 D5",419,0.112932,no
2D,A,213,A-o1@C7,1,C7,"C7 D7 D8 D9",416,0.112123,no
2D,A,214,A-o3@B3,3,B3,"B3 B4 B5 C5",416,0.112123,no
2D,A,215,A-o5@C5,5,C5,"C5 D3 D4 D5",416,0.112123,no
2D,A,216,A-o7@B7,7,B7,"B7 B8 B9 C7",416,0.112123,no
2D,A,217,A-o1@C3,1,C3,"C3 D3 D4 D5",414,0.111584,no
2D,A,218,A-o3@B7,3,B7,"B7 B8 B9 C9",414,0.111584,no
2D,A,219,A-o5@C9,5,C9,"C9 D7 D8 D9",414,0.111584,no
2D,A,220,A-o7@B3,7,B3,"B3 B4 B5 C3",414,0.111584,no
2D,A,221,A-o1@A3,1,A3,"A3 B3 B4 B5",398,0.107272,no
2D,A,222,A-o3@D7,3,D7,"D7 D8 D9 E9",398,0.107272,no
2D,A,223,A-o5@A9,5,A9,"A9 B7 B8 B9",398,0.107272,no
2D,A,224,A-o7@D3,7,D3,"D3 D4 D5 E3",398,0.107272,no
2D,A,225,A-o0@A6,0,A6,"A6 B6 C5 C6",343,0.092448,no
2D,A,226,A-o2@C6,2,C6,"C6 C7 D6 E6",343,0.092448,no
2D,A,227,A-o4@A6,4,A6,"A6 B6 C6 C7",343,0.092448,no
2D,A,228,A-o6@C5,6,C5,"C5 C6 D6 E6",343,0.092448,no
2D,A,229,A-o1@B4,1,B4,"B4 C4 C5 C6",304,0.081936,no
2D,A,230,A-o1@B5,1,B5,"B5 C5 C6 C7",304,0.081936,no
2D,A,231,A-o3@C5,3,C5,"C5 C6 C7 D7",304,0.081936,no
2D,A,232,A-o3@C6,3,C6,"C6 C7 C8 D8",304,0.081936,no
2D,A,233,A-o5@B7,5,B7,"B7 C5 C6 C7",304,0.081936,no
2D,A,234,A-o5@B8,5,B8,"B8 C6 C7 C8",304,0.081936,no
2D,A,235,A-o7@C4,7,C4,"C4 C5 C6 D4",304,0.081936,no
2D,A,236,A-o7@C5,7,C5,"C5 C6 C7 D5",304,0.081936,no
2D,A,237,A-o1@B7,1,B7,"B7 C7 C8 C9",286,0.077085,no
2D,A,238,A-o3@C3,3,C3,"C3 C4 C5 D5",286,0.077085,no
2D,A,239,A-o5@B5,5,B5,"B5 C3 C4 C5",286,0.077085,no
2D,A,240,A-o7@C7,7,C7,"C7 C8 C9 D7",286,0.077085,no
2D,A,241,A-o0@A9,0,A9,"A9 B9 C8 C9",267,0.071964,no
2D,A,242,A-o2@C3,2,C3,"C3 C4 D3 E3",267,0.071964,no
2D,A,243,A-o4@A3,4,A3,"A3 B3 C3 C4",267,0.071964,no
2D,A,244,A-o6@C8,6,C8,"C8 C9 D9 E9",267,0.071964,no
2D,A,245,A-o1@B3,1,B3,"B3 C3 C4 C5",256,0.068999,no
2D,A,246,A-o3@C7,3,C7,"C7 C8 C9 D9",256,0.068999,no
2D,A,247,A-o5@B9,5,B9,"B9 C7 C8 C9",256,0.068999,no
2D,A,248,A-o7@C3,7,C3,"C3 C4 C5 D3",256,0.068999,no
2D,A,249,A-o0@A10,0,A10,"A10 B10 C9 C10",240,0.064687,no
2D,A,250,A-o2@C2,2,C2,"C2 C3 D2 E2",240,0.064687,no
2D,A,251,A-o4@A2,4,A2,"A2 B2 C2 C3",240,0.064687,no
2D,A,252,A-o6@C9,6,C9,"C9 C10 D10 E10",240,0.064687,no
2D,A,253,A-o1@A6,1,A6,"A6 B6 B7 B8",173,0.046628,no
2D,A,254,A-o3@D4,3,D4,"D4 D5 D6 E6",173,0.046628,no
2D,A,255,A-o5@A6,5,A6,"A6 B4 B5 B6",173,0.046628,no
2D,A,256,A-o7@D6,7,D6,"D6 D7 D8 E6",173,0.046628,no
2D,A,257,A-o0@A2,0,A2,"A2 B2 C1 C2",0,0.000000,yes
2D,A,258,A-o1@A9,1,A9,"A9 B9 B10 B11",0,0.000000,yes
2D,A,259,A-o2@C10,2,C10,"C10 C11 D10 E10",0,0.000000,yes
2D,A,260,A-o3@D1,3,D1,"D1 D2 D3 E3",0,0.000000,yes
2D,A,261,A-o4@A10,4,A10,"A10 B10 C10 C11",0,0.000000,yes
2D,A,262,A-o5@A3,5,A3,"A3 B1 B2 B3",0,0.000000,yes
2D,A,263,A-o6@C1,6,C1,"C1 C2 D2 E2",0,0.000000,yes
2D,A,264,A-o7@D9,7,D9,"D9 D10 D11 E9",0,0.000000,yes
2D,B,1,B-o1@D1,1,D1,"D1 D2 E1 E2 E3",9066,2.443534,no
2D,B,2,B-o3@A9,3,A9,"A9 A10 A11 B10 B11",9066,2.443534,no
2D,B,3,B-o5@D10,5,D10,"D10 D11 E9 E10 E11",9066,2.443534,no
2D,B,4,B-o7@A1,7,A1,"A1 A2 A3 B1 B2",9066,2.443534,no
2D,B,5,B-o0@C11,0,C11,"C11 D10 D11 E10 E11",6822,1.838715,no
2D,B,6,B-o2@A1,2,A1,"A1 A2 B1 B2 C1",6822,1.838715,no
2D,B,7,B-o4@C1,4,C1,"C1 D1 D2 E1 E2",6822,1.838715,no
2D,B,8,B-o6@A10,6,A10,"A10 A11 B10 B11 C11",6822,1.838715,no
2D,B,9,B-o1@A1,1,A1,"A1 A2 B1 B2 B3",5996,1.616085,no
2D,B,10,B-o3@D9,3,D9,"D9 D10 D11 E10 E11",5996,1.616085,no
2D,B,11,B-o5@A10,5,A10,"A10 A11 B9 B10 B11",5996,1.616085,no
2D,B,12,B-o7@D1,7,D1,"D1 D2 D3 E1 E2",5996,1.616085,no
2D,B,13,B-o1@D9,1,D9,"D9 D10 E9 E10 E11",4263,1.148995,no
2D,B,14,B-o3@A1,3,A1,"A1 A2 A3 B2 B3",4263,1.148995,no
2D,B,15,B-o5@D2,5,D2,"D2 D3 E1 E2 E3",4263,1.148995,no
2D,B,16,B-o7@A9,7,A9,"A9 A10 A11 B9 B10",4263,1.148995,no
2D,B,17,B-o1@D6,1,D6,"D6 D7 E6 E7 E8",4137,1.115034,no
2D,B,18,B-o3@A4,3,A4,"A4 A5 A6 B5 B6",4137,1.115034,no
2D,B,19,B-o5@D5,5,D5,"D5 D6 E4 E5 E6",4137,1.115034,no
2D,B,20,B-o7@A6,7,A6,"A6 A7 A8 B6 B7",4137,1.115034,no
2D,B,21,B-o1@D2,1,D2,"D2 D3 E2 E3 E4",3624,0.976767,no
2D,B,22,B-o3@A8,3,A8,"A8 A9 A10 B9 B10",3624,0.976767,no
2D,B,23,B-o5@D9,5,D9,"D9 D10 E8 E9 E10",3624,0.976767,no
2D,B,24,B-o7@A2,7,A2,"A2 A3 A4 B2 B3",3624,0.976767,no
2D,B,25,B-o0@B11,0,B11,"B11 C10 C11 D10 D11",3062,0.825292,no
2D,B,26,B-o2@B1,2,B1,"B1 B2 C1 C2 D1",3062,0.825292,no
2D,B,27,B-o4@B1,4,B1,"B1 C1 C2 D1 D2",3062,0.825292,no
2D,B,28,B-o6@B10,6,B10,"B10 B11 C10 C11 D11",3062,0.825292,no
2D,B,29,B-o0@A11,0,A11,"A11 B10 B11 C10 C11",2969,0.800226,no
2D,B,30,B-o2@C1,2,C1,"C1 C2 D1 D2 E1",2969,0.800226,no
2D,B,31,B-o4@A1,4,A1,"A1 B1 B2 C1 C2",2969,0.800226,no
2D,B,32,B-o6@C10,6,C10,"C10 C11 D10 D11 E11",2969,0.800226,no
2D,B,33,B-o0@C2,0,C2,"C2 D1 D2 E1 E2",2753,0.742009,no
2D,B,34,B-o2@A10,2,A10,"A10 A11 B10 B11 C10",2753,0.742009,no
2D,B,35,B-o4@C10,4,C10,"C10 D10 D11 E10 E11",2753,0.742009,no
2D,B,36,B-o6@A1,6,A1,"A1 A2 B1 B2 C2",2753,0.742009,no
2D,B,37,B-o1@D4,1,D4,"D4 D5 E4 E5 E6",2633,0.709665,no
2D,B,38,B-o3@A6,3,A6,"A6 A7 A8 B7 B8",2633,0.709665,no
2D,B,39,B-o5@D7,5,D7,"D7 D8 E6 E7 E8",2633,0.709665,no
2D,B,40,B-o7@A4,7,A4,"A4 A5 A6 B4 B5",2633,0.709665,no
2D,B,41,B-o0@B2,0,B2,"B2 C1 C2 D1 D2",2128,0.573554,no
2D,B,42,B-o2@B10,2,B10,"B10 B11 C10 C11 D10",2128,0.573554,no
2D,B,43,B-o4@B10,4,B10,"B10 C10 C11 D10 D11",2128,0.573554,no
2D,B,44,B-o6@B1,6,B1,"B1 B2 C1 C2 D2",2128,0.573554,no
2D,B,45,B-o1@D8,1,D8,"D8 D9 E8 E9 E10",2067,0.557113,no
2D,B,46,B-o3@A2,3,A2,"A2 A3 A4 B3 B4",2067,0.557113,no
2D,B,47,B-o5@D3,5,D3,"D3 D4 E2 E3 E4",2067,0.557113,no
2D,B,48,B-o7@A8,7,A8,"A8 A9 A10 B8 B9",2067,0.557113,no
2D,B,49,B-o1@D5,1,D5,"D5 D6 E5 E6 E7",2057,0.554418,no
2D,B,50,B-o3@A5,3,A5,"A5 A6 A7 B6 B7",2057,0.554418,no
2D,B,51,B-o5@D6,5,D6,"D6 D7 E5 E6 E7",2057,0.554418,no
2D,B,52,B-o7@A5,7,A5,"A5 A6 A7 B5 B6",2057,0.554418,no
2D,B,53,B-o1@D3,1,D3,"D3 D4 E3 E4 E5",1993,0.537168,no
2D,B,54,B-o3@A7,3,A7,"A7 A8 A9 B8 B9",1993,0.537168,no
2D,B,55,B-o5@D8,5,D8,"D8 D9 E7 E8 E9",1993,0.537168,no
2D,B,56,B-o7@A3,7,A3,"A3 A4 A5 B3 B4",1993,0.537168,no
2D,B,57,B-o0@C4,0,C4,"C4 D3 D4 E3 E4",1747,0.470864,no
2D,B,58,B-o2@A8,2,A8,"A8 A9 B8 B9 C8",1747,0.470864,no
2D,B,59,B-o4@C8,4,C8,"C8 D8 D9 E8 E9",1747,0.470864,no
2D,B,60,B-o6@A3,6,A3,"A3 A4 B3 B4 C4",1747,0.470864,no
2D,B,61,B-o0@B10,0,B10,"B10 C9 C10 D9 D10",1511,0.407256,no
2D,B,62,B-o2@B2,2,B2,"B2 B3 C2 C3 D2",1511,0.407256,no
2D,B,63,B-o4@B2,4,B2,"B2 C2 C3 D2 D3",1511,0.407256,no
2D,B,64,B-o6@B9,6,B9,"B9 B10 C9 C10 D10",1511,0.407256,no
2D,B,65,B-o1@D7,1,D7,"D7 D8 E7 E8 E9",1469,0.395936,no
2D,B,66,B-o3@A3,3,A3,"A3 A4 A5 B4 B5",1469,0.395936,no
2D,B,67,B-o5@D4,5,D4,"D4 D5 E3 E4 E5",1469,0.395936,no
2D,B,68,B-o7@A7,7,A7,"A7 A8 A9 B7 B8",1469,0.395936,no
2D,B,69,B-o0@C7,0,C7,"C7 D6 D7 E6 E7",1368,0.368713,no
2D,B,70,B-o2@A5,2,A5,"A5 A6 B5 B6 C5",1368,0.368713,no
2D,B,71,B-o4@C5,4,C5,"C5 D5 D6 E5 E6",1368,0.368713,no
2D,B,72,B-o6@A6,6,A6,"A6 A7 B6 B7 C7",1368,0.368713,no
2D,B,73,B-o1@A6,1,A6,"A6 A7 B6 B7 B8",1347,0.363053,no
2D,B,74,B-o3@D4,3,D4,"D4 D5 D6 E5 E6",1347,0.363053,no
2D,B,75,B-o5@A5,5,A5,"A5 A6 B4 B5 B6",1347,0.363053,no
2D,B,76,B-o7@D6,7,D6,"D6 D7 D8 E6 E7",1347,0.363053,no
2D,B,77,B-o0@C10,0,C10,"C10 D9 D10 E9 E10",1201,0.323702,no
2D,B,78,B-o2@A2,2,A2,"A2 A3 B2 B3 C2",1201,0.323702,no
2D,B,79,B-o4@C2,4,C2,"C2 D2 D3 E2 E3",1201,0.323702,no
2D,B,80,B-o6@A9,6,A9,"A9 A10 B9 B10 C10",1201,0.323702,no
2D,B,81,B-o0@B3,0,B3,"B3 C2 C3 D2 D3",1199,0.323163,no
2D,B,82,B-o2@B9,2,B9,"B9 B10 C9 C10 D9",1199,0.323163,no
2D,B,83,B-o4@B9,4,B9,"B9 C9 C10 D9 D10",1199,0.323163,no
2D,B,84,B-o6@B2,6,B2,"B2 B3 C2 C3 D3",1199,0.323163,no
2D,B,85,B-o0@C8,0,C8,"C8 D7 D8 E7 E8",1173,0.316155,no
2D,B,86,B-o2@A4,2,A4,"A4 A5 B4 B5 C4",1173,0.316155,no
2D,B,87,B-o4@C4,4,C4,"C4 D4 D5 E4 E5",1173,0.316155,no
2D,B,88,B-o6@A7,6,A7,"A7 A8 B7 B8 C8",1173,0.316155,no
2D,B,89,B-o1@C1,1,C1,"C1 C2 D1 D2 D3",1165,0.313999,no
2D,B,90,B-o3@B9,3,B9,"B9 B10 B11 C10 C11",1165,0.313999,no
2D,B,91,B-o5@C10,5,C10,"C10 C11 D9 D10 D11",1165,0.313999,no
2D,B,92,B-o7@B1,7,B1,"B1 B2 B3 C1 C2",1165,0.313999,no
2D,B,93,B-o0@C6,0,C6,"C6 D5 D6 E5 E6",1116,0.300792,no
2D,B,94,B-o2@A6,2,A6,"A6 A7 B6 B7 C6",1116,0.300792,no
2D,B,95,B-o4@C6,4,C6,"C6 D6 D7 E6 E7",1116,0.300792,no
2D,B,96,B-o6@A5,6,A5,"A5 A6 B5 B6 C6",1116,0.300792,no
2D,B,97,B-o1@A8,1,A8,"A8 A9 B8 B9 B10",1043,0.281117,no
2D,B,98,B-o3@D2,3,D2,"D2 D3 D4 E3 E4",1043,0.281117,no
2D,B,99,B-o5@A3,5,A3,"A3 A4 B2 B3 B4",1043,0.281117,no
2D,B,100,B-o7@D8,7,D8,"D8 D9 D10 E8 E9",1043,0.281117,no
2D,B,101,B-o1@A4,1,A4,"A4 A5 B4 B5 B6",1007,0.271414,no
2D,B,102,B-o3@D6,3,D6,"D6 D7 D8 E7 E8",1007,0.271414,no
2D,B,103,B-o5@A7,5,A7,"A7 A8 B6 B7 B8",1007,0.271414,no
2D,B,104,B-o7@D4,7,D4,"D4 D5 D6 E4 E5",1007,0.271414,no
2D,B,105,B-o0@B5,0,B5,"B5 C4 C5 D4 D5",998,0.268988,no
2D,B,106,B-o2@B7,2,B7,"B7 B8 C7 C8 D7",998,0.268988,no
2D,B,107,B-o4@B7,4,B7,"B7 C7 C8 D7 D8",998,0.268988,no
2D,B,108,B-o6@B4,6,B4,"B4 B5 C4 C5 D5",998,0.268988,no
2D,B,109,B-o0@C5,0,C5,"C5 D4 D5 E4 E5",993,0.267641,no
2D,B,110,B-o2@A7,2,A7,"A7 A8 B7 B8 C7",993,0.267641,no
2D,B,111,B-o4@C7,4,C7,"C7 D7 D8 E7 E8",993,0.267641,no
2D,B,112,B-o6@A4,6,A4,"A4 A5 B4 B5 C5",993,0.267641,no
2D,B,113,B-o1@B1,1,B1,"B1 B2 C1 C2 C3",951,0.256320,no
2D,B,114,B-o3@C9,3,C9,"C9 C10 C11 D10 D11",951,0.256320,no
2D,B,115,B-o5@B10,5,B10,"B10 B11 C9 C10 C11",951,0.256320,no
2D,B,116,B-o7@C1,7,C1,"C1 C2 C3 D1 D2",951,0.256320,no
2D,B,117,B-o1@C7,1,C7,"C7 C8 D7 D8 D9",950,0.256051,no
2D,B,118,B-o3@B3,3,B3,"B3 B4 B5 C4 C5",950,0.256051,no
2D,B,119,B-o5@C4,5,C4,"C4 C5 D3 D4 D5",950,0.256051,no
2D,B,120,B-o7@B7,7,B7,"B7 B8 B9 C7 C8",950,0.256051,no
2D,B,121,B-o1@C8,1,C8,"C8 C9 D8 D9 D10",945,0.254703,no
2D,B,122,B-o3@B2,3,B2,"B2 B3 B4 C3 C4",945,0.254703,no
2D,B,123,B-o5@C3,5,C3,"C3 C4 D2 D3 D4",945,0.254703,no
2D,B,124,B-o7@B8,7,B8,"B8 B9 B10 C8 C9",945,0.254703,no
2D,B,125,B-o1@C4,1,C4,"C4 C5 D4 D5 D6",939,0.253086,no
2D,B,126,B-o3@B6,3,B6,"B6 B7 B8 C7 C8",939,0.253086,no
2D,B,127,B-o5@C7,5,C7,"C7 C8 D6 D7 D8",939,0.253086,no
2D,B,128,B-o7@B4,7,B4,"B4 B5 B6 C4 C5",939,0.253086,no
2D,B,129,B-o0@B6,0,B6,"B6 C5 C6 D5 D6",865,0.233141,no
2D,B,130,B-o2@B6,2,B6,"B6 B7 C6 C7 D6",865,0.233141,no
2D,B,131,B-o4@B6,4,B6,"B6 C6 C7 D6 D7",865,0.233141,no
2D,B,132,B-o6@B5,6,B5,"B5 B6 C5 C6 D6",865,0.233141,no
2D,B,133,B-o1@C2,1,C2,"C2 C3 D2 D3 D4",864,0.232872,no
2D,B,134,B-o3@B8,3,B8,"B8 B9 B10 C9 C10",864,0.232872,no
2D,B,135,B-o5@C9,5,C9,"C9 C10 D8 D9 D10",864,0.232872,no
2D,B,136,B-o7@B2,7,B2,"B2 B3 B4 C2 C3",864,0.232872,no
2D,B,137,B-o1@A3,1,A3,"A3 A4 B3 B4 B5",858,0.231254,no
2D,B,138,B-o3@D7,3,D7,"D7 D8 D9 E8 E9",858,0.231254,no
2D,B,139,B-o5@A8,5,A8,"A8 A9 B7 B8 B9",858,0.231254,no
2D,B,140,B-o7@D3,7,D3,"D3 D4 D5 E3 E4",858,0.231254,no
2D,B,141,B-o0@B4,0,B4,"B4 C3 C4 D3 D4",817,0.220204,no
2D,B,142,B-o2@B8,2,B8,"B8 B9 C8 C9 D8",817,0.220204,no
2D,B,143,B-o4@B8,4,B8,"B8 C8 C9 D8 D9",817,0.220204,no
2D,B,144,B-o6@B3,6,B3,"B3 B4 C3 C4 D4",817,0.220204,no
2D,B,145,B-o0@C3,0,C3,"C3 D2 D3 E2 E3",760,0.204841,no
2D,B,146,B-o2@A9,2,A9,"A9 A10 B9 B10 C9",760,0.204841,no
2D,B,147,B-o4@C9,4,C9,"C9 D9 D10 E9 E10",760,0.204841,no
2D,B,148,B-o6@A2,6,A2,"A2 A3 B2 B3 C3",760,0.204841,no
2D,B,149,B-o0@B8,0,B8,"B8 C7 C8 D7 D8",759,0.204571,no
2D,B,150,B-o2@B4,2,B4,"B4 B5 C4 C5 D4",759,0.204571,no
2D,B,151,B-o4@B4,4,B4,"B4 C4 C5 D4 D5",759,0.204571,no
2D,B,152,B-o6@B7,6,B7,"B7 B8 C7 C8 D8",759,0.204571,no
2D,B,153,B-o1@A5,1,A5,"A5 A6 B5 B6 B7",751,0.202415,no
2D,B,154,B-o3@D5,3,D5,"D5 D6 D7 E6 E7",751,0.202415,no
2D,B,155,B-o5@A6,5,A6,"A6 A7 B5 B6 B7",751,0.202415,no
2D,B,156,B-o7@D5,7,D5,"D5 D6 D7 E5 E6",751,0.202415,no
2D,B,157,B-o0@B7,0,B7,"B7 C6 C7 D6 D7",750,0.202145,no
2D,B,158,B-o2@B5,2,B5,"B5 B6 C5 C6 D5",750,0.202145,no
2D,B,159,B-o4@B5,4,B5,"B5 C5 C6 D5 D6",750,0.202145,no
2D,B,160,B-o6@B6,6,B6,"B6 B7 C6 C7 D7",750,0.202145,no
2D,B,161,B-o1@B2,1,B2,"B2 B3 C2 C3 C4",727,0.195946,no
2D,B,162,B-o3@C8,3,C8,"C8 C9 C10 D9 D10",727,0.195946,no
2D,B,163,B-o5@B9,5,B9,"B9 B10 C8 C9 C10",727,0.195946,no
2D,B,164,B-o7@C2,7,C2,"C2 C3 C4 D2 D3",727,0.195946,no
2D,B,165,B-o1@C5,1,C5,"C5 C6 D5 D6 D7",718,0.193521,no
2D,B,166,B-o3@B5,3,B5,"B5 B6 B7 C6 C7",718,0.193521,no
2D,B,167,B-o5@C6,5,C6,"C6 C7 D5 D6 D7",718,0.193521,no
2D,B,168,B-o7@B5,7,B5,"B5 B6 B7 C5 C6",718,0.193521,no
2D,B,169,B-o1@A2,1,A2,"A2 A3 B2 B3 B4",717,0.193251,no
2D,B,170,B-o3@D8,3,D8,"D8 D9 D10 E9 E10",717,0.193251,no
2D,B,171,B-o5@A9,5,A9,"A9 A10 B8 B9 B10",717,0.193251,no
2D,B,172,B-o7@D2,7,D2,"D2 D3 D4 E2 E3",717,0.193251,no
2D,B,173,B-o0@C9,0,C9,"C9 D8 D9 E8 E9",716,0.192982,no
2D,B,174,B-o2@A3,2,A3,"A3 A4 B3 B4 C3",716,0.192982,no
2D,B,175,B-o4@C3,4,C3,"C3 D3 D4 E3 E4",716,0.192982,no
2D,B,176,B-o6@A8,6,A8,"A8 A9 B8 B9 C9",716,0.192982,no
2D,B,177,B-o0@B9,0,B9,"B9 C8 C9 D8 D9",681,0.183548,no
2D,B,178,B-o2@B3,2,B3,"B3 B4 C3 C4 D3",681,0.183548,no
2D,B,179,B-o4@B3,4,B3,"B3 C3 C4 D3 D4",681,0.183548,no
2D,B,180,B-o6@B8,6,B8,"B8 B9 C8 C9 D9",681,0.183548,no
2D,B,181,B-o0@A5,0,A5,"A5 B4 B5 C4 C5",643,0.173306,no
2D,B,182,B-o2@C7,2,C7,"C7 C8 D7 D8 E7",643,0.173306,no
2D,B,183,B-o4@A7,4,A7,"A7 B7 B8 C7 C8",643,0.173306,no
2D,B,184,B-o6@C4,6,C4,"C4 C5 D4 D5 E5",643,0.173306,no
2D,B,185,B-o0@A8,0,A8,"A8 B7 B8 C7 C8",613,0.165220,no
2D,B,186,B-o2@C4,2,C4,"C4 C5 D4 D5 E4",613,0.165220,no
2D,B,187,B-o4@A4,4,A4,"A4 B4 B5 C4 C5",613,0.165220,no
2D,B,188,B-o6@C7,6,C7,"C7 C8 D7 D8 E8",613,0.165220,no
2D,B,189,B-o1@B8,1,B8,"B8 B9 C8 C9 C10",598,0.161177,no
2D,B,190,B-o3@C2,3,C2,"C2 C3 C4 D3 D4",598,0.161177,no
2D,B,191,B-o5@B3,5,B3,"B3 B4 C2 C3 C4",598,0.161177,no
2D,B,192,B-o7@C8,7,C8,"C8 C9 C10 D8 D9",598,0.161177,no
2D,B,193,B-o1@A7,1,A7,"A7 A8 B7 B8 B9",588,0.158482,no
2D,B,194,B-o3@D3,3,D3,"D3 D4 D5 E4 E5",588,0.158482,no
2D,B,195,B-o5@A4,5,A4,"A4 A5 B3 B4 B5",588,0.158482,no
2D,B,196,B-o7@D7,7,D7,"D7 D8 D9 E7 E8",588,0.158482,no
2D,B,197,B-o1@C6,1,C6,"C6 C7 D6 D7 D8",571,0.153900,no
2D,B,198,B-o3@B4,3,B4,"B4 B5 B6 C5 C6",571,0.153900,no
2D,B,199,B-o5@C5,5,C5,"C5 C6 D4 D5 D6",571,0.153900,no
2D,B,200,B-o7@B6,7,B6,"B6 B7 B8 C6 C7",571,0.153900,no
2D,B,201,B-o1@C3,1,C3,"C3 C4 D3 D4 D5",505,0.136111,no
2D,B,202,B-o3@B7,3,B7,"B7 B8 B9 C8 C9",505,0.136111,no
2D,B,203,B-o5@C8,5,C8,"C8 C9 D7 D8 D9",505,0.136111,no
2D,B,204,B-o7@B3,7,B3,"B3 B4 B5 C3 C4",505,0.136111,no
2D,B,205,B-o1@B3,1,B3,"B3 B4 C3 C4 C5",460,0.123983,no
2D,B,206,B-o3@C7,3,C7,"C7 C8 C9 D8 D9",460,0.123983,no
2D,B,207,B-o5@B8,5,B8,"B8 B9 C7 C8 C9",460,0.123983,no
2D,B,208,B-o7@C3,7,C3,"C3 C4 C5 D3 D4",460,0.123983,no
2D,B,209,B-o1@B7,1,B7,"B7 B8 C7 C8 C9",454,0.122365,no
2D,B,210,B-o3@C3,3,C3,"C3 C4 C5 D4 D5",454,0.122365,no
2D,B,211,B-o5@B4,5,B4,"B4 B5 C3 C4 C5",454,0.122365,no
2D,B,212,B-o7@C7,7,C7,"C7 C8 C9 D7 D8",454,0.122365,no
2D,B,213,B-o1@C9,1,C9,"C9 C10 D9 D10 D11",437,0.117783,no
2D,B,214,B-o3@B1,3,B1,"B1 B2 B3 C2 C3",437,0.117783,no
2D,B,215,B-o5@C2,5,C2,"C2 C3 D1 D2 D3",437,0.117783,no
2D,B,216,B-o7@B9,7,B9,"B9 B10 B11 C9 C10",437,0.117783,no
2D,B,217,B-o1@B5,1,B5,"B5 B6 C5 C6 C7",419,0.112932,no
2D,B,218,B-o3@C5,3,C5,"C5 C6 C7 D6 D7",419,0.112932,no
2D,B,219,B-o5@B6,5,B6,"B6 B7 C5 C6 C7",419,0.112932,no
2D,B,220,B-o7@C5,7,C5,"C5 C6 C7 D5 D6",419,0.112932,no
2D,B,221,B-o1@B9,1,B9,"B9 B10 C9 C10 C11",410,0.110506,no
2D,B,222,B-o3@C1,3,C1,"C1 C2 C3 D2 D3",410,0.110506,no
2D,B,223,B-o5@B2,5,B2,"B2 B3 C1 C2 C3",410,0.110506,no
2D,B,224,B-o7@C9,7,C9,"C9 C10 C11 D9 D10",410,0.110506,no
2D,B,225,B-o1@B4,1,B4,"B4 B5 C4 C5 C6",400,0.107811,no
2D,B,226,B-o3@C6,3,C6,"C6 C7 C8 D7 D8",400,0.107811,no
2D,B,227,B-o5@B7,5,B7,"B7 B8 C6 C7 C8",400,0.107811,no
2D,B,228,B-o7@C4,7,C4,"C4 C5 C6 D4 D5",400,0.107811,no
2D,B,229,B-o1@B6,1,B6,"B6 B7 C6 C7 C8",389,0.104846,no
2D,B,230,B-o3@C4,3,C4,"C4 C5 C6 D5 D6",389,0.104846,no
2D,B,231,B-o5@B5,5,B5,"B5 B6 C4 C5 C6",389,0.104846,no
2D,B,232,B-o7@C6,7,C6,"C6 C7 C8 D6 D7",389,0.104846,no
2D,B,233,B-o0@A3,0,A3,"A3 B2 B3 C2 C3",340,0.091639,no
2D,B,234,B-o2@C9,2,C9,"C9 C10 D9 D10 E9",340,0.091639,no
2D,B,235,B-o4@A9,4,A9,"A9 B9 B10 C9 C10",340,0.091639,no
2D,B,236,B-o6@C2,6,C2,"C2 C3 D2 D3 E3",340,0.091639,no
2D,B,237,B-o0@A7,0,A7,"A7 B6 B7 C6 C7",314,0.084632,no
2D,B,238,B-o2@C5,2,C5,"C5 C6 D5 D6 E5",314,0.084632,no
2D,B,239,B-o4@A5,4,A5,"A5 B5 B6 C5 C6",314,0.084632,no
2D,B,240,B-o6@C6,6,C6,"C6 C7 D6 D7 E7",314,0.084632,no
2D,B,241,B-o0@A4,0,A4,"A4 B3 B4 C3 C4",257,0.069269,no
2D,B,242,B-o2@C8,2,C8,"C8 C9 D8 D9 E8",257,0.069269,no
2D,B,243,B-o4@A8,4,A8,"A8 B8 B9 C8 C9",257,0.069269,no
2D,B,244,B-o6@C3,6,C3,"C3 C4 D3 D4 E4",257,0.069269,no
2D,B,245,B-o0@A6,0,A6,"A6 B5 B6 C5 C6",242,0.065226,no
2D,B,246,B-o2@C6,2,C6,"C6 C7 D6 D7 E6",242,0.065226,no
2D,B,247,B-o4@A6,4,A6,"A6 B6 B7 C6 C7",242,0.065226,no
2D,B,248,B-o6@C5,6,C5,"C5 C6 D5 D6 E6",242,0.065226,no
2D,B,249,B-o0@A9,0,A9,"A9 B8 B9 C8 C9",237,0.063878,no
2D,B,250,B-o2@C3,2,C3,"C3 C4 D3 D4 E3",237,0.063878,no
2D,B,251,B-o4@A3,4,A3,"A3 B3 B4 C3 C4",237,0.063878,no
2D,B,252,B-o6@C8,6,C8,"C8 C9 D8 D9 E9",237,0.063878,no
2D,B,253,B-o0@A10,0,A10,"A10 B9 B10 C9 C10",203,0.054714,no
2D,B,254,B-o2@C2,2,C2,"C2 C3 D2 D3 E2",203,0.054714,no
2D,B,255,B-o4@A2,4,A2,"A2 B2 B3 C2 C3",203,0.054714,no
2D,B,256,B-o6@C9,6,C9,"C9 C10 D9 D10 E10",203,0.054714,no
2D,B,257,B-o0@A2,0,A2,"A2 B1 B2 C1 C2",0,0.000000,yes
2D,B,258,B-o1@A9,1,A9,"A9 A10 B9 B10 B11",0,0.000000,yes
2D,B,259,B-o2@C10,2,C10,"C10 C11 D10 D11 E10",0,0.000000,yes
2D,B,260,B-o3@D1,3,D1,"D1 D2 D3 E2 E3",0,0.000000,yes
2D,B,261,B-o4@A10,4,A10,"A10 B10 B11 C10 C11",0,0.000000,yes
2D,B,262,B-o5@A2,5,A2,"A2 A3 B1 B2 B3",0,0.000000,yes
2D,B,263,B-o6@C1,6,C1,"C1 C2 D1 D2 E2",0,0.000000,yes
2D,B,264,B-o7@D9,7,D9,"D9 D10 D11 E9 E10",0,0.000000,yes
2D,C,1,C-o1@D1,1,D1,"D1 E1 E2 E3 E4",20234,5.453614,no
2D,C,2,C-o3@A8,3,A8,"A8 A9 A10 A11 B11",20234,5.453614,no
2D,C,3,C-o5@D11,5,D11,"D11 E8 E9 E10 E11",20234,5.453614,no
2D,C,4,C-o7@A1,7,A1,"A1 A2 A3 A4 B1",20234,5.453614,no
2D,C,5,C-o0@B11,0,B11,"B11 C11 D11 E10 E11",10226,2.756186,no
2D,C,6,C-o2@A1,2,A1,"A1 A2 B1 C1 D1",10226,2.756186,no
2D,C,7,C-o4@B1,4,B1,"B1 C1 D1 E1 E2",10226,2.756186,no
2D,C,8,C-o6@A10,6,A10,"A10 A11 B11 C11 D11",10226,2.756186,no
2D,C,9,C-o0@A11,0,A11,"A11 B11 C11 D10 D11",8544,2.302841,no
2D,C,10,C-o2@B1,2,B1,"B1 B2 C1 D1 E1",8544,2.302841,no
2D,C,11,C-o4@A1,4,A1,"A1 B1 C1 D1 D2",8544,2.302841,no
2D,C,12,C-o6@B10,6,B10,"B10 B11 C11 D11 E11",8544,2.302841,no
2D,C,13,C-o1@D8,1,D8,"D8 E8 E9 E10 E11",6895,1.858390,no
2D,C,14,C-o3@A1,3,A1,"A1 A2 A3 A4 B4",6895,1.858390,no
2D,C,15,C-o5@D4,5,D4,"D4 E1 E2 E3 E4",6895,1.858390,no
2D,C,16,C-o7@A8,7,A8,"A8 A9 A10 A11 B8",6895,1.858390,no
2D,C,17,C-o1@D3,1,D3,"D3 E3 E4 E5 E6",3634,0.979462,no
2D,C,18,C-o3@A6,3,A6,"A6 A7 A8 A9 B9",3634,0.979462,no
2D,C,19,C-o5@D9,5,D9,"D9 E6 E7 E8 E9",3634,0.979462,no
2D,C,20,C-o7@A3,7,A3,"A3 A4 A5 A6 B3",3634,0.979462,no
2D,C,21,C-o1@D5,1,D5,"D5 E5 E6 E7 E8",3578,0.964368,no
2D,C,22,C-o3@A4,3,A4,"A4 A5 A6 A7 B7",3578,0.964368,no
2D,C,23,C-o5@D7,5,D7,"D7 E4 E5 E6 E7",3578,0.964368,no
2D,C,24,C-o7@A5,7,A5,"A5 A6 A7 A8 B5",3578,0.964368,no
2D,C,25,C-o1@D4,1,D4,"D4 E4 E5 E6 E7",3203,0.863296,no
2D,C,26,C-o3@A5,3,A5,"A5 A6 A7 A8 B8",3203,0.863296,no
2D,C,27,C-o5@D8,5,D8,"D8 E5 E6 E7 E8",3203,0.863296,no
2D,C,28,C-o7@A4,7,A4,"A4 A5 A6 A7 B4",3203,0.863296,no
2D,C,29,C-o1@D6,1,D6,"D6 E6 E7 E8 E9",2839,0.765188,no
2D,C,30,C-o3@A3,3,A3,"A3 A4 A5 A6 B6",2839,0.765188,no
2D,C,31,C-o5@D6,5,D6,"D6 E3 E4 E5 E6",2839,0.765188,no
2D,C,32,C-o7@A6,7,A6,"A6 A7 A8 A9 B6",2839,0.765188,no
2D,C,33,C-o1@A1,1,A1,"A1 B1 B2 B3 B4",2674,0.720716,no
2D,C,34,C-o3@D8,3,D8,"D8 D9 D10 D11 E11",2674,0.720716,no
2D,C,35,C-o5@A11,5,A11,"A11 B8 B9 B10 B11",2674,0.720716,no
2D,C,36,C-o7@D1,7,D1,"D1 D2 D3 D4 E1",2674,0.720716,no
2D,C,37,C-o1@D2,1,D2,"D2 E2 E3 E4 E5",2578,0.694841,no
2D,C,38,C-o3@A7,3,A7,"A7 A8 A9 A10 B10",2578,0.694841,no
2D,C,39,C-o5@D10,5,D10,"D10 E7 E8 E9 E10",2578,0.694841,no
2D,C,40,C-o7@A2,7,A2,"A2 A3 A4 A5 B2",2578,0.694841,no
2D,C,41,C-o1@D7,1,D7,"D7 E7 E8 E9 E10",2436,0.656568,no
2D,C,42,C-o3@A2,3,A2,"A2 A3 A4 A5 B5",2436,0.656568,no
2D,C,43,C-o5@D5,5,D5,"D5 E2 E3 E4 E5",2436,0.656568,no
2D,C,44,C-o7@A7,7,A7,"A7 A8 A9 A10 B7",2436,0.656568,no
2D,C,45,C-o1@C8,1,C8,"C8 D8 D9 D10 D11",1808,0.487305,no
2D,C,46,C-o3@B1,3,B1,"B1 B2 B3 B4 C4",1808,0.487305,no
2D,C,47,C-o5@C4,5,C4,"C4 D1 D2 D3 D4",1808,0.487305,no
2D,C,48,C-o7@B8,7,B8,"B8 B9 B10 B11 C8",1808,0.487305,no
2D,C,49,C-o0@B5,0,B5,"B5 C5 D5 E4 E5",1614,0.435017,no
2D,C,50,C-o2@A7,2,A7,"A7 A8 B7 C7 D7",1614,0.435017,no
2D,C,51,C-o4@B7,4,B7,"B7 C7 D7 E7 E8",1614,0.435017,no
2D,C,52,C-o6@A4,6,A4,"A4 A5 B5 C5 D5",1614,0.435017,no
2D,C,53,C-o0@B8,0,B8,"B8 C8 D8 E7 E8",1495,0.402943,no
2D,C,54,C-o2@A4,2,A4,"A4 A5 B4 C4 D4",1495,0.402943,no
2D,C,55,C-o4@B4,4,B4,"B4 C4 D4 E4 E5",1495,0.402943,no
2D,C,56,C-o6@A7,6,A7,"A7 A8 B8 C8 D8",1495,0.402943,no
2D,C,57,C-o0@B2,0,B2,"B2 C2 D2 E1 E2",1402,0.377877,no
2D,C,58,C-o2@A10,2,A10,"A10 A11 B10 C10 D10",1402,0.377877,no
2D,C,59,C-o4@B10,4,B10,"B10 C10 D10 E10 E11",1402,0.377877,no
2D,C,60,C-o6@A1,6,A1,"A1 A2 B2 C2 D2",1402,0.377877,no
2D,C,61,C-o0@B10,0,B10,"B10 C10 D10 E9 E10",1383,0.372756,no
2D,C,62,C-o2@A2,2,A2,"A2 A3 B2 C2 D2",1383,0.372756,no
2D,C,63,C-o4@B2,4,B2,"B2 C2 D2 E2 E3",1383,0.372756,no
2D,C,64,C-o6@A9,6,A9,"A9 A10 B10 C10 D10",1383,0.372756,no
2D,C,65,C-o0@B7,0,B7,"B7 C7 D7 E6 E7",1319,0.355506,no
2D,C,66,C-o2@A5,2,A5,"A5 A6 B5 C5 D5",1319,0.355506,no
2D,C,67,C-o4@B5,4,B5,"B5 C5 D5 E5 E6",1319,0.355506,no
2D,C,68,C-o6@A6,6,A6,"A6 A7 B7 C7 D7",1319,0.355506,no
2D,C,69,C-o0@B6,0,B6,"B6 C6 D6 E5 E6",1249,0.336640,no
2D,C,70,C-o2@A6,2,A6,"A6 A7 B6 C6 D6",1249,0.336640,no
2D,C,71,C-o4@B6,4,B6,"B6 C6 D6 E6 E7",1249,0.336640,no
2D,C,72,C-o6@A5,6,A5,"A5 A6 B6 C6 D6",1249,0.336640,no
2D,C,73,C-o0@A4,0,A4,"A4 B4 C4 D3 D4",1229,0.331249,no
2D,C,74,C-o2@B8,2,B8,"B8 B9 C8 D8 E8",1229,0.331249,no
2D,C,75,C-o4@A8,4,A8,"A8 B8 C8 D8 D9",1229,0.331249,no
2D,C,76,C-o6@B3,6,B3,"B3 B4 C4 D4 E4",1229,0.331249,no
2D,C,77,C-o0@B3,0,B3,"B3 C3 D3 E2 E3",1192,0.321276,no
2D,C,78,C-o2@A9,2,A9,"A9 A10 B9 C9 D9",1192,0.321276,no
2D,C,79,C-o4@B9,4,B9,"B9 C9 D9 E9 E10",1192,0.321276,no
2D,C,80,C-o6@A2,6,A2,"A2 A3 B3 C3 D3",1192,0.321276,no
2D,C,81,C-o0@B4,0,B4,"B4 C4 D4 E3 E4",1177,0.317234,no
2D,C,82,C-o2@A8,2,A8,"A8 A9 B8 C8 D8",1177,0.317234,no
2D,C,83,C-o4@B8,4,B8,"B8 C8 D8 E8 E9",1177,0.317234,no
2D,C,84,C-o6@A3,6,A3,"A3 A4 B4 C4 D4",1177,0.317234,no
2D,C,85,C-o1@C1,1,C1,"C1 D1 D2 D3 D4",1037,0.279500,no
2D,C,86,C-o3@B8,3,B8,"B8 B9 B10 B11 C11",1037,0.279500,no
2D,C,87,C-o5@C11,5,C11,"C11 D8 D9 D10 D11",1037,0.279500,no
2D,C,88,C-o7@B1,7,B1,"B1 B2 B3 B4 C1",1037,0.279500,no
2D,C,89,C-o0@A3,0,A3,"A3 B3 C3 D2 D3",880,0.237184,no
2D,C,90,C-o2@B9,2,B9,"B9 B10 C9 D9 E9",880,0.237184,no
2D,C,91,C-o4@A9,4,A9,"A9 B9 C9 D9 D10",880,0.237184,no
2D,C,92,C-o6@B2,6,B2,"B2 B3 C3 D3 E3",880,0.237184,no
2D,C,93,C-o0@A8,0,A8,"A8 B8 C8 D7 D8",777,0.209423,no
2D,C,94,C-o2@B4,2,B4,"B4 B5 C4 D4 E4",777,0.209423,no
2D,C,95,C-o4@A4,4,A4,"A4 B4 C4 D4 D5",777,0.209423,no
2D,C,96,C-o6@B7,6,B7,"B7 B8 C8 D8 E8",777,0.209423,no
2D,C,97,C-o0@A7,0,A7,"A7 B7 C7 D6 D7",735,0.198103,no
2D,C,98,C-o2@B5,2,B5,"B5 B6 C5 D5 E5",735,0.198103,no
2D,C,99,C-o4@A5,4,A5,"A5 B5 C5 D5 D6",735,0.198103,no
2D,C,100,C-o6@B6,6,B6,"B6 B7 C7 D7 E7",735,0.198103,no
2D,C,101,C-o0@B9,0,B9,"B9 C9 D9 E8 E9",730,0.196755,no
2D,C,102,C-o2@A3,2,A3,"A3 A4 B3 C3 D3",730,0.196755,no
2D,C,103,C-o4@B3,4,B3,"B3 C3 D3 E3 E4",730,0.196755,no
2D,C,104,C-o6@A8,6,A8,"A8 A9 B9 C9 D9",730,0.196755,no
2D,C,105,C-o0@A6,0,A6,"A6 B6 C6 D5 D6",641,0.172767,no
2D,C,106,C-o2@B6,2,B6,"B6 B7 C6 D6 E6",641,0.172767,no
2D,C,107,C-o4@A6,4,A6,"A6 B6 C6 D6 D7",641,0.172767,no
2D,C,108,C-o6@B5,6,B5,"B5 B6 C6 D6 E6",641,0.172767,no
2D,C,109,C-o1@A4,1,A4,"A4 B4 B5 B6 B7",592,0.159560,no
2D,C,110,C-o3@D5,3,D5,"D5 D6 D7 D8 E8",592,0.159560,no
2D,C,111,C-o5@A8,5,A8,"A8 B5 B6 B7 B8",592,0.159560,no
2D,C,112,C-o7@D4,7,D4,"D4 D5 D6 D7 E4",592,0.159560,no
2D,C,113,C-o1@C3,1,C3,"C3 D3 D4 D5 D6",501,0.135033,no
2D,C,114,C-o3@B6,3,B6,"B6 B7 B8 B9 C9",501,0.135033,no
2D,C,115,C-o5@C9,5,C9,"C9 D6 D7 D8 D9",501,0.135033,no
2D,C,116,C-o7@B3,7,B3,"B3 B4 B5 B6 C3",501,0.135033,no
2D,C,117,C-o1@B2,1,B2,"B2 C2 C3 C4 C5",497,0.133955,no
2D,C,118,C-o3@C7,3,C7,"C7 C8 C9 C10 D10",497,0.133955,no
2D,C,119,C-o5@B10,5,B10,"B10 C7 C8 C9 C10",497,0.133955,no
2D,C,120,C-o7@C2,7,C2,"C2 C3 C4 C5 D2",497,0.133955,no
2D,C,121,C-o1@C2,1,C2,"C2 D2 D3 D4 D5",480,0.129373,no
2D,C,122,C-o3@B7,3,B7,"B7 B8 B9 B10 C10",480,0.129373,no
2D,C,123,C-o5@C10,5,C10,"C10 D7 D8 D9 D10",480,0.129373,no
2D,C,124,C-o7@B2,7,B2,"B2 B3 B4 B5 C2",480,0.129373,no
2D,C,125,C-o1@C5,1,C5,"C5 D5 D6 D7 D8",457,0.123174,no
2D,C,126,C-o3@B4,3,B4,"B4 B5 B6 B7 C7",457,0.123174,no
2D,C,127,C-o5@C7,5,C7,"C7 D4 D5 D6 D7",457,0.123174,no
2D,C,128,C-o7@B5,7,B5,"B5 B6 B7 B8 C5",457,0.123174,no
2D,C,129,C-o1@C7,1,C7,"C7 D7 D8 D9 D10",446,0.120209,no
2D,C,130,C-o3@B2,3,B2,"B2 B3 B4 B5 C5",446,0.120209,no
2D,C,131,C-o5@C5,5,C5,"C5 D2 D3 D4 D5",446,0.120209,no
2D,C,132,C-o7@B7,7,B7,"B7 B8 B9 B10 C7",446,0.120209,no
2D,C,133,C-o0@A5,0,A5,"A5 B5 C5 D4 D5",399,0.107541,no
2D,C,134,C-o2@B7,2,B7,"B7 B8 C7 D7 E7",399,0.107541,no
2D,C,135,C-o4@A7,4,A7,"A7 B7 C7 D7 D8",399,0.107541,no
2D,C,136,C-o6@B4,6,B4,"B4 B5 C5 D5 E5",399,0.107541,no
2D,C,137,C-o1@C6,1,C6,"C6 D6 D7 D8 D9",374,0.100803,no
2D,C,138,C-o3@B3,3,B3,"B3 B4 B5 B6 C6",374,0.100803,no
2D,C,139,C-o5@C6,5,C6,"C6 D3 D4 D5 D6",374,0.100803,no
2D,C,140,C-o7@B6,7,B6,"B6 B7 B8 B9 C6",374,0.100803,no
2D,C,141,C-o1@C4,1,C4,"C4 D4 D5 D6 D7",355,0.095682,no
2D,C,142,C-o3@B5,3,B5,"B5 B6 B7 B8 C8",355,0.095682,no
2D,C,143,C-o5@C8,5,C8,"C8 D5 D6 D7 D8",355,0.095682,no
2D,C,144,C-o7@B4,7,B4,"B4 B5 B6 B7 C4",355,0.095682,no
2D,C,145,C-o1@A2,1,A2,"A2 B2 B3 B4 B5",341,0.091909,no
2D,C,146,C-o3@D7,3,D7,"D7 D8 D9 D10 E10",341,0.091909,no
2D,C,147,C-o5@A10,5,A10,"A10 B7 B8 B9 B10",341,0.091909,no
2D,C,148,C-o7@D2,7,D2,"D2 D3 D4 D5 E2",341,0.091909,no
2D,C,149,C-o1@B7,1,B7,"B7 C7 C8 C9 C10",333,0.089753,no
2D,C,150,C-o3@C2,3,C2,"C2 C3 C4 C5 D5",333,0.089753,no
2D,C,151,C-o5@B5,5,B5,"B5 C2 C3 C4 C5",333,0.089753,no
2D,C,152,C-o7@C7,7,C7,"C7 C8 C9 C10 D7",333,0.089753,no
2D,C,153,C-o1@B1,1,B1,"B1 C1 C2 C3 C4",327,0.088135,no
2D,C,154,C-o3@C8,3,C8,"C8 C9 C10 C11 D11",327,0.088135,no
2D,C,155,C-o5@B11,5,B11,"B11 C8 C9 C10 C11",327,0.088135,no
2D,C,156,C-o7@C1,7,C1,"C1 C2 C3 C4 D1",327,0.088135,no
2D,C,157,C-o1@A7,1,A7,"A7 B7 B8 B9 B10",321,0.086518,no
2D,C,158,C-o3@D2,3,D2,"D2 D3 D4 D5 E5",321,0.086518,no
2D,C,159,C-o5@A5,5,A5,"A5 B2 B3 B4 B5",321,0.086518,no
2D,C,160,C-o7@D7,7,D7,"D7 D8 D9 D10 E7",321,0.086518,no
2D,C,161,C-o0@A9,0,A9,"A9 B9 C9 D8 D9",311,0.083823,no
2D,C,162,C-o2@B3,2,B3,"B3 B4 C3 D3 E3",311,0.083823,no
2D,C,163,C-o4@A3,4,A3,"A3 B3 C3 D3 D4",311,0.083823,no
2D,C,164,C-o6@B8,6,B8,"B8 B9 C9 D9 E9",311,0.083823,no
2D,C,165,C-o1@A3,1,A3,"A3 B3 B4 B5 B6",268,0.072233,no
2D,C,166,C-o3@D6,3,D6,"D6 D7 D8 D9 E9",268,0.072233,no
2D,C,167,C-o5@A9,5,A9,"A9 B6 B7 B8 B9",268,0.072233,no
2D,C,168,C-o7@D3,7,D3,"D3 D4 D5 D6 E3",268,0.072233,no
2D,C,169,C-o1@B5,1,B5,"B5 C5 C6 C7 C8",261,0.070347,no
2D,C,170,C-o3@C4,3,C4,"C4 C5 C6 C7 D7",261,0.070347,no
2D,C,171,C-o5@B7,5,B7,"B7 C4 C5 C6 C7",261,0.070347,no
2D,C,172,C-o7@C5,7,C5,"C5 C6 C7 C8 D5",261,0.070347,no
2D,C,173,C-o1@B8,1,B8,"B8 C8 C9 C10 C11",212,0.057140,no
2D,C,174,C-o3@C1,3,C1,"C1 C2 C3 C4 D4",212,0.057140,no
2D,C,175,C-o5@B4,5,B4,"B4 C1 C2 C3 C4",212,0.057140,no
2D,C,176,C-o7@C8,7,C8,"C8 C9 C10 C11 D8",212,0.057140,no
2D,C,177,C-o1@A6,1,A6,"A6 B6 B7 B8 B9",205,0.055253,no
2D,C,178,C-o3@D3,3,D3,"D3 D4 D5 D6 E6",205,0.055253,no
2D,C,179,C-o5@A6,5,A6,"A6 B3 B4 B5 B6",205,0.055253,no
2D,C,180,C-o7@D6,7,D6,"D6 D7 D8 D9 E6",205,0.055253,no
2D,C,181,C-o1@A5,1,A5,"A5 B5 B6 B7 B8",173,0.046628,no
2D,C,182,C-o3@D4,3,D4,"D4 D5 D6 D7 E7",173,0.046628,no
2D,C,183,C-o5@A7,5,A7,"A7 B4 B5 B6 B7",173,0.046628,no
2D,C,184,C-o7@D5,7,D5,"D5 D6 D7 D8 E5",173,0.046628,no
2D,C,185,C-o1@B4,1,B4,"B4 C4 C5 C6 C7",165,0.044472,no
2D,C,186,C-o3@C5,3,C5,"C5 C6 C7 C8 D8",165,0.044472,no
2D,C,187,C-o5@B8,5,B8,"B8 C5 C6 C7 C8",165,0.044472,no
2D,C,188,C-o7@C4,7,C4,"C4 C5 C6 C7 D4",165,0.044472,no
2D,C,189,C-o1@B6,1,B6,"B6 C6 C7 C8 C9",134,0.036117,no
2D,C,190,C-o3@C3,3,C3,"C3 C4 C5 C6 D6",134,0.036117,no
2D,C,191,C-o5@B6,5,B6,"B6 C3 C4 C5 C6",134,0.036117,no
2D,C,192,C-o7@C6,7,C6,"C6 C7 C8 C9 D6",134,0.036117,no
2D,C,193,C-o1@B3,1,B3,"B3 C3 C4 C5 C6",94,0.025336,no
2D,C,194,C-o3@C6,3,C6,"C6 C7 C8 C9 D9",94,0.025336,no
2D,C,195,C-o5@B9,5,B9,"B9 C6 C7 C8 C9",94,0.025336,no
2D,C,196,C-o7@C3,7,C3,"C3 C4 C5 C6 D3",94,0.025336,no
2D,C,197,C-o0@A10,0,A10,"A10 B10 C10 D9 D10",0,0.000000,yes
2D,C,198,C-o0@A2,0,A2,"A2 B2 C2 D1 D2",0,0.000000,yes
2D,C,199,C-o1@A8,1,A8,"A8 B8 B9 B10 B11",0,0.000000,yes
2D,C,200,C-o2@B10,2,B10,"B10 B11 C10 D10 E10",0,0.000000,yes
2D,C,201,C-o2@B2,2,B2,"B2 B3 C2 D2 E2",0,0.000000,yes
2D,C,202,C-o3@D1,3,D1,"D1 D2 D3 D4 E4",0,0.000000,yes
2D,C,203,C-o4@A10,4,A10,"A10 B10 C10 D10 D11",0,0.000000,yes
2D,C,204,C-o4@A2,4,A2,"A2 B2 C2 D2 D3",0,0.000000,yes
2D,C,205,C-o5@A4,5,A4,"A4 B1 B2 B3 B4",0,0.000000,yes
2D,C,206,C-o6@B1,6,B1,"B1 B2 C2 D2 E2",0,0.000000,yes
2D,C,207,C-o6@B9,6,B9,"B9 B10 C10 D10 E10",0,0.000000,yes
2D,C,208,C-o7@D8,7,D8,"D8 D9 D10 D11 E8",0,0.000000,yes
2D,D,1,D-o1@D9,1,D9,"D9 E8 E9 E10 E11",10497,2.829228,no
2D,D,2,D-o3@A1,3,A1,"A1 A2 A3 A4 B3",10497,2.829228,no
2D,D,3,D-o5@D3,5,D3,"D3 E1 E2 E3 E4",10497,2.829228,no
2D,D,4,D-o7@A8,7,A8,"A8 A9 A10 A11 B9",10497,2.829228,no
2D,D,5,D-o1@D5,1,D5,"D5 E4 E5 E6 E7",10477,2.823837,no
2D,D,6,D-o3@A5,3,A5,"A5 A6 A7 A8 B7",10477,2.823837,no
2D,D,7,D-o5@D7,5,D7,"D7 E5 E6 E7 E8",10477,2.823837,no
2D,D,8,D-o7@A4,7,A4,"A4 A5 A6 A7 B5",10477,2.823837,no
2D,D,9,D-o1@D2,1,D2,"D2 E1 E2 E3 E4",10150,2.735702,no
2D,D,10,D-o3@A8,3,A8,"A8 A9 A10 A11 B10",10150,2.735702,no
2D,D,11,D-o5@D10,5,D10,"D10 E8 E9 E10 E11",10150,2.735702,no
2D,D,12,D-o7@A1,7,A1,"A1 A2 A3 A4 B2",10150,2.735702,no
2D,D,13,D-o1@D7,1,D7,"D7 E6 E7 E8 E9",8012,2.159452,no
2D,D,14,D-o3@A3,3,A3,"A3 A4 A5 A6 B5",8012,2.159452,no
2D,D,15,D-o5@D5,5,D5,"D5 E3 E4 E5 E6",8012,2.159452,no
2D,D,16,D-o7@A6,7,A6,"A6 A7 A8 A9 B7",8012,2.159452,no
2D,D,17,D-o0@A11,0,A11,"A11 B11 C10 C11 D11",7014,1.890464,no
2D,D,18,D-o2@B1,2,B1,"B1 C1 C2 D1 E1",7014,1.890464,no
2D,D,19,D-o4@A1,4,A1,"A1 B1 C1 C2 D1",7014,1.890464,no
2D,D,20,D-o6@B11,6,B11,"B11 C10 C11 D11 E11",7014,1.890464,no
2D,D,21,D-o1@D6,1,D6,"D6 E5 E6 E7 E8",6032,1.625788,no
2D,D,22,D-o3@A4,3,A4,"A4 A5 A6 A7 B6",6032,1.625788,no
2D,D,23,D-o5@D6,5,D6,"D6 E4 E5 E6 E7",6032,1.625788,no
2D,D,24,D-o7@A5,7,A5,"A5 A6 A7 A8 B6",6032,1.625788,no
2D,D,25,D-o1@D3,1,D3,"D3 E2 E3 E4 E5",5085,1.370546,no
2D,D,26,D-o3@A7,3,A7,"A7 A8 A9 A10 B9",5085,1.370546,no
2D,D,27,D-o5@D9,5,D9,"D9 E7 E8 E9 E10",5085,1.370546,no
2D,D,28,D-o7@A2,7,A2,"A2 A3 A4 A5 B3",5085,1.370546,no
2D,D,29,D-o1@D4,1,D4,"D4 E3 E4 E5 E6",4464,1.203170,no
2D,D,30,D-o3@A6,3,A6,"A6 A7 A8 A9 B8",4464,1.203170,no
2D,D,31,D-o5@D8,5,D8,"D8 E6 E7 E8 E9",4464,1.203170,no
2D,D,32,D-o7@A3,7,A3,"A3 A4 A5 A6 B4",4464,1.203170,no
2D,D,33,D-o0@B11,0,B11,"B11 C11 D10 D11 E11",3819,1.029325,no
2D,D,34,D-o2@A1,2,A1,"A1 B1 B2 C1 D1",3819,1.029325,no
2D,D,35,D-o4@B1,4,B1,"B1 C1 D1 D2 E1",3819,1.029325,no
2D,D,36,D-o6@A11,6,A11,"A11 B10 B11 C11 D11",3819,1.029325,no
2D,D,37,D-o1@D8,1,D8,"D8 E7 E8 E9 E10",3128,0.843081,no
2D,D,38,D-o3@A2,3,A2,"A2 A3 A4 A5 B4",3128,0.843081,no
2D,D,39,D-o5@D4,5,D4,"D4 E2 E3 E4 E5",3128,0.843081,no
2D,D,40,D-o7@A7,7,A7,"A7 A8 A9 A10 B8",3128,0.843081,no
2D,D,41,D-o1@C8,1,C8,"C8 D7 D8 D9 D10",1438,0.387580,no
2D,D,42,D-o3@B2,3,B2,"B2 B3 B4 B5 C4",1438,0.387580,no
2D,D,43,D-o5@C4,5,C4,"C4 D2 D3 D4 D5",1438,0.387580,no
2D,D,44,D-o7@B7,7,B7,"B7 B8 B9 B10 C8",1438,0.387580,no
2D,D,45,D-o0@B4,0,B4,"B4 C4 D3 D4 E4",1247,0.336100,no
2D,D,46,D-o2@A8,2,A8,"A8 B8 B9 C8 D8",1247,0.336100,no
2D,D,47,D-o4@B8,4,B8,"B8 C8 D8 D9 E8",1247,0.336100,no
2D,D,48,D-o6@A4,6,A4,"A4 B3 B4 C4 D4",1247,0.336100,no
2D,D,49,D-o0@A5,0,A5,"A5 B5 C4 C5 D5",1098,0.295941,no
2D,D,50,D-o2@B7,2,B7,"B7 C7 C8 D7 E7",1098,0.295941,no
2D,D,51,D-o4@A7,4,A7,"A7 B7 C7 C8 D7",1098,0.295941,no
2D,D,52,D-o6@B5,6,B5,"B5 C4 C5 D5 E5",1098,0.295941,no
2D,D,53,D-o0@A4,0,A4,"A4 B4 C3 C4 D4",1077,0.290281,no
2D,D,54,D-o2@B8,2,B8,"B8 C8 C9 D8 E8",1077,0.290281,no
2D,D,55,D-o4@A8,4,A8,"A8 B8 C8 C9 D8",1077,0.290281,no
2D,D,56,D-o6@B4,6,B4,"B4 C3 C4 D4 E4",1077,0.290281,no
2D,D,57,D-o1@C9,1,C9,"C9 D8 D9 D10 D11",1074,0.289472,no
2D,D,58,D-o3@B1,3,B1,"B1 B2 B3 B4 C3",1074,0.289472,no
2D,D,59,D-o5@C3,5,C3,"C3 D1 D2 D3 D4",1074,0.289472,no
2D,D,60,D-o7@B8,7,B8,"B8 B9 B10 B11 C9",1074,0.289472,no
2D,D,61,D-o1@C4,1,C4,"C4 D3 D4 D5 D6",956,0.257668,no
2D,D,62,D-o3@B6,3,B6,"B6 B7 B8 B9 C8",956,0.257668,no
2D,D,63,D-o5@C8,5,C8,"C8 D6 D7 D8 D9",956,0.257668,no
2D,D,64,D-o7@B3,7,B3,"B3 B4 B5 B6 C4",956,0.257668,no
2D,D,65,D-o1@A8,1,A8,"A8 B7 B8 B9 B10",928,0.250121,no
2D,D,66,D-o3@D2,3,D2,"D2 D3 D4 D5 E4",928,0.250121,no
2D,D,67,D-o5@A4,5,A4,"A4 B2 B3 B4 B5",928,0.250121,no
2D,D,68,D-o7@D7,7,D7,"D7 D8 D9 D10 E8",928,0.250121,no
2D,D,69,D-o0@B3,0,B3,"B3 C3 D2 D3 E3",922,0.248504,no
2D,D,70,D-o2@A9,2,A9,"A9 B9 B10 C9 D9",922,0.248504,no
2D,D,71,D-o4@B9,4,B9,"B9 C9 D9 D10 E9",922,0.248504,no
2D,D,72,D-o6@A3,6,A3,"A3 B2 B3 C3 D3",922,0.248504,no
2D,D,73,D-o1@C6,1,C6,"C6 D5 D6 D7 D8",890,0.239879,no
2D,D,74,D-o3@B4,3,B4,"B4 B5 B6 B7 C6",890,0.239879,no
2D,D,75,D-o5@C6,5,C6,"C6 D4 D5 D6 D7",890,0.239879,no
2D,D,76,D-o7@B5,7,B5,"B5 B6 B7 B8 C6",890,0.239879,no
2D,D,77,D-o1@C3,1,C3,"C3 D2 D3 D4 D5",849,0.228829,no
2D,D,78,D-o3@B7,3,B7,"B7 B8 B9 B10 C9",849,0.228829,no
2D,D,79,D-o5@C9,5,C9,"C9 D7 D8 D9 D10",849,0.228829,no
2D,D,80,D-o7@B2,7,B2,"B2 B3 B4 B5 C3",849,0.228829,no
2D,D,81,D-o0@B8,0,B8,"B8 C8 D7 D8 E8",831,0.223977,no
2D,D,82,D-o2@A4,2,A4,"A4 B4 B5 C4 D4",831,0.223977,no
2D,D,83,D-o4@B4,4,B4,"B4 C4 D4 D5 E4",831,0.223977,no
2D,D,84,D-o6@A8,6,A8,"A8 B7 B8 C8 D8",831,0.223977,no
2D,D,85,D-o1@C7,1,C7,"C7 D6 D7 D8 D9",776,0.209153,no
2D,D,86,D-o3@B3,3,B3,"B3 B4 B5 B6 C5",776,0.209153,no
2D,D,87,D-o5@C5,5,C5,"C5 D3 D4 D5 D6",776,0.209153,no
2D,D,88,D-o7@B6,7,B6,"B6 B7 B8 B9 C7",776,0.209153,no
2D,D,89,D-o0@B7,0,B7,"B7 C7 D6 D7 E7",739,0.199181,no
2D,D,90,D-o2@A5,2,A5,"A5 B5 B6 C5 D5",739,0.199181,no
2D,D,91,D-o4@B5,4,B5,"B5 C5 D5 D6 E5",739,0.199181,no
2D,D,92,D-o6@A7,6,A7,"A7 B6 B7 C7 D7",739,0.199181,no
2D,D,93,D-o0@A8,0,A8,"A8 B8 C7 C8 D8",695,0.187321,no
2D,D,94,D-o1@A4,1,A4,"A4 B3 B4 B5 B6",695,0.187321,no
2D,D,95,D-o2@B4,2,B4,"B4 C4 C5 D4 E4",695,0.187321,no
2D,D,96,D-o3@D6,3,D6,"D6 D7 D8 D9 E8",695,0.187321,no
2D,D,97,D-o4@A4,4,A4,"A4 B4 C4 C5 D4",695,0.187321,no
2D,D,98,D-o5@A8,5,A8,"A8 B6 B7 B8 B9",695,0.187321,no
2D,D,99,D-o6@B8,6,B8,"B8 C7 C8 D8 E8",695,0.187321,no
2D,D,100,D-o7@D3,7,D3,"D3 D4 D5 D6 E4",695,0.187321,no
2D,D,101,D-o0@A7,0,A7,"A7 B7 C6 C7 D7",680,0.183279,no
2D,D,102,D-o2@B5,2,B5,"B5 C5 C6 D5 E5",680,0.183279,no
2D,D,103,D-o4@A5,4,A5,"A5 B5 C5 C6 D5",680,0.183279,no
2D,D,104,D-o6@B7,6,B7,"B7 C6 C7 D7 E7",680,0.183279,no
2D,D,105,D-o1@C2,1,C2,"C2 D1 D2 D3 D4",667,0.179775,no
2D,D,106,D-o3@B8,3,B8,"B8 B9 B10 B11 C10",667,0.179775,no
2D,D,107,D-o5@C10,5,C10,"C10 D8 D9 D10 D11",667,0.179775,no
2D,D,108,D-o7@B1,7,B1,"B1 B2 B3 B4 C2",667,0.179775,no
2D,D,109,D-o0@B5,0,B5,"B5 C5 D4 D5 E5",659,0.177618,no
2D,D,110,D-o2@A7,2,A7,"A7 B7 B8 C7 D7",659,0.177618,no
2D,D,111,D-o4@B7,4,B7,"B7 C7 D7 D8 E7",659,0.177618,no
2D,D,112,D-o6@A5,6,A5,"A5 B4 B5 C5 D5",659,0.177618,no
2D,D,113,D-o1@A7,1,A7,"A7 B6 B7 B8 B9",650,0.175193,no
2D,D,114,D-o3@D3,3,D3,"D3 D4 D5 D6 E5",650,0.175193,no
2D,D,115,D-o5@A5,5,A5,"A5 B3 B4 B5 B6",650,0.175193,no
2D,D,116,D-o7@D6,7,D6,"D6 D7 D8 D9 E7",650,0.175193,no
2D,D,117,D-o1@C5,1,C5,"C5 D4 D5 D6 D7",636,0.171419,no
2D,D,118,D-o3@B5,3,B5,"B5 B6 B7 B8 C7",636,0.171419,no
2D,D,119,D-o5@C7,5,C7,"C7 D5 D6 D7 D8",636,0.171419,no
2D,D,120,D-o7@B4,7,B4,"B4 B5 B6 B7 C5",636,0.171419,no
2D,D,121,D-o0@A3,0,A3,"A3 B3 C2 C3 D3",587,0.158212,no
2D,D,122,D-o2@B9,2,B9,"B9 C9 C10 D9 E9",587,0.158212,no
2D,D,123,D-o4@A9,4,A9,"A9 B9 C9 C10 D9",587,0.158212,no
2D,D,124,D-o6@B3,6,B3,"B3 C2 C3 D3 E3",587,0.158212,no
2D,D,125,D-o1@B2,1,B2,"B2 C1 C2 C3 C4",581,0.156595,no
2D,D,126,D-o3@C8,3,C8,"C8 C9 C10 C11 D10",581,0.156595,no
2D,D,127,D-o5@B10,5,B10,"B10 C8 C9 C10 C11",581,0.156595,no
2D,D,128,D-o7@C1,7,C1,"C1 C2 C3 C4 D2",581,0.156595,no
2D,D,129,D-o1@A5,1,A5,"A5 B4 B5 B6 B7",532,0.143388,no
2D,D,130,D-o3@D5,3,D5,"D5 D6 D7 D8 E7",532,0.143388,no
2D,D,131,D-o5@A7,5,A7,"A7 B5 B6 B7 B8",532,0.143388,no
2D,D,132,D-o7@D4,7,D4,"D4 D5 D6 D7 E5",532,0.143388,no
2D,D,133,D-o0@A10,0,A10,"A10 B10 C9 C10 D10",500,0.134764,no
2D,D,134,D-o2@B2,2,B2,"B2 C2 C3 D2 E2",500,0.134764,no
2D,D,135,D-o4@A2,4,A2,"A2 B2 C2 C3 D2",500,0.134764,no
2D,D,136,D-o6@B10,6,B10,"B10 C9 C10 D10 E10",500,0.134764,no
2D,D,137,D-o1@B8,1,B8,"B8 C7 C8 C9 C10",481,0.129643,no
2D,D,138,D-o3@C2,3,C2,"C2 C3 C4 C5 D4",481,0.129643,no
2D,D,139,D-o5@B4,5,B4,"B4 C2 C3 C4 C5",481,0.129643,no
2D,D,140,D-o7@C7,7,C7,"C7 C8 C9 C10 D8",481,0.129643,no
2D,D,141,D-o1@B9,1,B9,"B9 C8 C9 C10 C11",445,0.119940,no
2D,D,142,D-o3@C1,3,C1,"C1 C2 C3 C4 D3",445,0.119940,no
2D,D,143,D-o5@B3,5,B3,"B3 C1 C2 C3 C4",445,0.119940,no
2D,D,144,D-o7@C8,7,C8,"C8 C9 C10 C11 D9",445,0.119940,no
2D,D,145,D-o1@A3,1,A3,"A3 B2 B3 B4 B5",432,0.116436,no
2D,D,146,D-o3@D7,3,D7,"D7 D8 D9 D10 E9",432,0.116436,no
2D,D,147,D-o5@A9,5,A9,"A9 B7 B8 B9 B10",432,0.116436,no
2D,D,148,D-o7@D2,7,D2,"D2 D3 D4 D5 E3",432,0.116436,no
2D,D,149,D-o0@A6,0,A6,"A6 B6 C5 C6 D6",396,0.106733,no
2D,D,150,D-o2@B6,2,B6,"B6 C6 C7 D6 E6",396,0.106733,no
2D,D,151,D-o4@A6,4,A6,"A6 B6 C6 C7 D6",396,0.106733,no
2D,D,152,D-o6@B6,6,B6,"B6 C5 C6 D6 E6",396,0.106733,no
2D,D,153,D-o0@B10,0,B10,"B10 C10 D9 D10 E10",392,0.105655,no
2D,D,154,D-o2@A2,2,A2,"A2 B2 B3 C2 D2",392,0.105655,no
2D,D,155,D-o4@B2,4,B2,"B2 C2 D2 D3 E2",392,0.105655,no
2D,D,156,D-o6@A10,6,A10,"A10 B9 B10 C10 D10",392,0.105655,no
2D,D,157,D-o0@B6,0,B6,"B6 C6 D5 D6 E6",377,0.101612,no
2D,D,158,D-o2@A6,2,A6,"A6 B6 B7 C6 D6",377,0.101612,no
2D,D,159,D-o4@B6,4,B6,"B6 C6 D6 D7 E6",377,0.101612,no
2D,D,160,D-o6@A6,6,A6,"A6 B5 B6 C6 D6",377,0.101612,no
2D,D,161,D-o0@B9,0,B9,"B9 C9 D8 D9 E9",359,0.096760,no
2D,D,162,D-o2@A3,2,A3,"A3 B3 B4 C3 D3",359,0.096760,no
2D,D,163,D-o4@B3,4,B3,"B3 C3 D3 D4 E3",359,0.096760,no
2D,D,164,D-o6@A9,6,A9,"A9 B8 B9 C9 D9",359,0.096760,no
2D,D,165,D-o1@B3,1,B3,"B3 C2 C3 C4 C5",311,0.083823,no
2D,D,166,D-o3@C7,3,C7,"C7 C8 C9 C10 D9",311,0.083823,no
2D,D,167,D-o5@B9,5,B9,"B9 C7 C8 C9 C10",311,0.083823,no
2D,D,168,D-o7@C2,7,C2,"C2 C3 C4 C5 D3",311,0.083823,no
2D,D,169,D-o1@B5,1,B5,"B5 C4 C5 C6 C7",262,0.070616,no
2D,D,170,D-o3@C5,3,C5,"C5 C6 C7 C8 D7",262,0.070616,no
2D,D,171,D-o5@B7,5,B7,"B7 C5 C6 C7 C8",262,0.070616,no
2D,D,172,D-o7@C4,7,C4,"C4 C5 C6 C7 D5",262,0.070616,no
2D,D,173,D-o1@B7,1,B7,"B7 C6 C7 C8 C9",226,0.060913,no
2D,D,174,D-o3@C3,3,C3,"C3 C4 C5 C6 D5",226,0.060913,no
2D,D,175,D-o5@B5,5,B5,"B5 C3 C4 C5 C6",226,0.060913,no
2D,D,176,D-o7@C6,7,C6,"C6 C7 C8 C9 D7",226,0.060913,no
2D,D,177,D-o1@B6,1,B6,"B6 C5 C6 C7 C8",223,0.060105,no
2D,D,178,D-o3@C4,3,C4,"C4 C5 C6 C7 D6",223,0.060105,no
2D,D,179,D-o5@B6,5,B6,"B6 C4 C5 C6 C7",223,0.060105,no
2D,D,180,D-o7@C5,7,C5,"C5 C6 C7 C8 D6",223,0.060105,no
2D,D,181,D-o0@A9,0,A9,"A9 B9 C8 C9 D9",219,0.059026,no
2D,D,182,D-o2@B3,2,B3,"B3 C3 C4 D3 E3",219,0.059026,no
2D,D,183,D-o4@A3,4,A3,"A3 B3 C3 C4 D3",219,0.059026,no
2D,D,184,D-o6@B9,6,B9,"B9 C8 C9 D9 E9",219,0.059026,no
2D,D,185,D-o1@B4,1,B4,"B4 C3 C4 C5 C6",173,0.046628,no
2D,D,186,D-o3@C6,3,C6,"C6 C7 C8 C9 D8",173,0.046628,no
2D,D,187,D-o5@B8,5,B8,"B8 C6 C7 C8 C9",173,0.046628,no
2D,D,188,D-o7@C3,7,C3,"C3 C4 C5 C6 D4",173,0.046628,no
2D,D,189,D-o1@A6,1,A6,"A6 B5 B6 B7 B8",74,0.019945,no
2D,D,190,D-o3@D4,3,D4,"D4 D5 D6 D7 E6",74,0.019945,no
2D,D,191,D-o5@A6,5,A6,"A6 B4 B5 B6 B7",74,0.019945,no
2D,D,192,D-o7@D5,7,D5,"D5 D6 D7 D8 E6",74,0.019945,no
2D,D,193,D-o0@A2,0,A2,"A2 B2 C1 C2 D2",0,0.000000,yes
2D,D,194,D-o0@B2,0,B2,"B2 C2 D1 D2 E2",0,0.000000,yes
2D,D,195,D-o1@A2,1,A2,"A2 B1 B2 B3 B4",0,0.000000,yes
2D,D,196,D-o1@A9,1,A9,"A9 B8 B9 B10 B11",0,0.000000,yes
2D,D,197,D-o2@A10,2,A10,"A10 B10 B11 C10 D10",0,0.000000,yes
2D,D,198,D-o2@B10,2,B10,"B10 C10 C11 D10 E10",0,0.000000,yes
2D,D,199,D-o3@D1,3,D1,"D1 D2 D3 D4 E3",0,0.000000,yes
2D,D,200,D-o3@D8,3,D8,"D8 D9 D10 D11 E10",0,0.000000,yes
2D,D,201,D-o4@A10,4,A10,"A10 B10 C10 C11 D10",0,0.000000,yes
2D,D,202,D-o4@B10,4,B10,"B10 C10 D10 D11 E10",0,0.000000,yes
2D,D,203,D-o5@A10,5,A10,"A10 B8 B9 B10 B11",0,0.000000,yes
2D,D,204,D-o5@A3,5,A3,"A3 B1 B2 B3 B4",0,0.000000,yes
2D,D,205,D-o6@A2,6,A2,"A2 B1 B2 C2 D2",0,0.000000,yes
2D,D,206,D-o6@B2,6,B2,"B2 C1 C2 D2 E2",0,0.000000,yes
2D,D,207,D-o7@D1,7,D1,"D1 D2 D3 D4 E2",0,0.000000,yes
2D,D,208,D-o7@D8,7,D8,"D8 D9 D10 D11 E9",0,0.000000,yes
2D,E,1,E-o0@A11,0,A11,"A11 B11 C10 C11 D10",7157,1.929007,no
2D,E,2,E-o2@B2,2,B2,"B2 C1 C2 D1 E1",7157,1.929007,no
2D,E,3,E-o4@A1,4,A1,"A1 B1 C1 C2 D2",7157,1.929007,no
2D,E,4,E-o6@B10,6,B10,"B10 C10 C11 D11 E11",7157,1.929007,no
2D,E,5,E-o0@B2,0,B2,"B2 C2 D1 D2 E1",5785,1.559215,no
2D,E,6,E-o2@A11,2,A11,"A11 B10 B11 C10 D10",5785,1.559215,no
2D,E,7,E-o4@B10,4,B10,"B10 C10 D10 D11 E11",5785,1.559215,no
2D,E,8,E-o6@A1,6,A1,"A1 B1 B2 C2 D2",5785,1.559215,no
2D,E,9,E-o1@A1,1,A1,"A1 A2 B2 B3 B4",5158,1.390222,no
2D,E,10,E-o3@D8,3,D8,"D8 D9 D10 E10 E11",5158,1.390222,no
2D,E,11,E-o5@A10,5,A10,"A10 A11 B8 B9 B10",5158,1.390222,no
2D,E,12,E-o7@D2,7,D2,"D2 D3 D4 E1 E2",5158,1.390222,no
2D,E,13,E-o1@A6,1,A6,"A6 A7 B7 B8 B9",5090,1.371894,no
2D,E,14,E-o3@D3,3,D3,"D3 D4 D5 E5 E6",5090,1.371894,no
2D,E,15,E-o5@A5,5,A5,"A5 A6 B3 B4 B5",5090,1.371894,no
2D,E,16,E-o7@D7,7,D7,"D7 D8 D9 E6 E7",5090,1.371894,no
2D,E,17,E-o1@A7,1,A7,"A7 A8 B8 B9 B10",4828,1.301278,no
2D,E,18,E-o3@D2,3,D2,"D2 D3 D4 E4 E5",4828,1.301278,no
2D,E,19,E-o5@A4,5,A4,"A4 A5 B2 B3 B4",4828,1.301278,no
2D,E,20,E-o7@D8,7,D8,"D8 D9 D10 E7 E8",4828,1.301278,no
2D,E,21,E-o1@D8,1,D8,"D8 D9 E9 E10 E11",4733,1.275672,no
2D,E,22,E-o3@A1,3,A1,"A1 A2 A3 B3 B4",4733,1.275672,no
2D,E,23,E-o5@D3,5,D3,"D3 D4 E1 E2 E3",4733,1.275672,no
2D,E,24,E-o7@A9,7,A9,"A9 A10 A11 B8 B9",4733,1.275672,no
2D,E,25,E-o1@D4,1,D4,"D4 D5 E5 E6 E7",4466,1.203709,no
2D,E,26,E-o3@A5,3,A5,"A5 A6 A7 B7 B8",4466,1.203709,no
2D,E,27,E-o5@D7,5,D7,"D7 D8 E5 E6 E7",4466,1.203709,no
2D,E,28,E-o7@A5,7,A5,"A5 A6 A7 B4 B5",4466,1.203709,no
2D,E,29,E-o1@D6,1,D6,"D6 D7 E7 E8 E9",3980,1.072718,no
2D,E,30,E-o3@A3,3,A3,"A3 A4 A5 B5 B6",3980,1.072718,no
2D,E,31,E-o5@D5,5,D5,"D5 D6 E3 E4 E5",3980,1.072718,no
2D,E,32,E-o7@A7,7,A7,"A7 A8 A9 B6 B7",3980,1.072718,no
2D,E,33,E-o1@D2,1,D2,"D2 D3 E3 E4 E5",3604,0.971376,no
2D,E,34,E-o3@A7,3,A7,"A7 A8 A9 B9 B10",3604,0.971376,no
2D,E,35,E-o5@D9,5,D9,"D9 D10 E7 E8 E9",3604,0.971376,no
2D,E,36,E-o7@A3,7,A3,"A3 A4 A5 B2 B3",3604,0.971376,no
2D,E,37,E-o1@A4,1,A4,"A4 A5 B5 B6 B7",3409,0.918818,no
2D,E,38,E-o3@D5,3,D5,"D5 D6 D7 E7 E8",3409,0.918818,no
2D,E,39,E-o5@A7,5,A7,"A7 A8 B5 B6 B7",3409,0.918818,no
2D,E,40,E-o7@D5,7,D5,"D5 D6 D7 E4 E5",3409,0.918818,no
2D,E,41,E-o1@A3,1,A3,"A3 A4 B4 B5 B6",2884,0.777317,no
2D,E,42,E-o3@D6,3,D6,"D6 D7 D8 E8 E9",2884,0.777317,no
2D,E,43,E-o5@A8,5,A8,"A8 A9 B6 B7 B8",2884,0.777317,no
2D,E,44,E-o7@D4,7,D4,"D4 D5 D6 E3 E4",2884,0.777317,no
2D,E,45,E-o0@A3,0,A3,"A3 B3 C2 C3 D2",2507,0.675705,no
2D,E,46,E-o2@B10,2,B10,"B10 C9 C10 D9 E9",2507,0.675705,no
2D,E,47,E-o4@A9,4,A9,"A9 B9 C9 C10 D10",2507,0.675705,no
2D,E,48,E-o6@B2,6,B2,"B2 C2 C3 D3 E3",2507,0.675705,no
2D,E,49,E-o1@D3,1,D3,"D3 D4 E4 E5 E6",2442,0.658186,no
2D,E,50,E-o3@A6,3,A6,"A6 A7 A8 B8 B9",2442,0.658186,no
2D,E,51,E-o5@D8,5,D8,"D8 D9 E6 E7 E8",2442,0.658186,no
2D,E,52,E-o7@A4,7,A4,"A4 A5 A6 B3 B4",2442,0.658186,no
2D,E,53,E-o1@C7,1,C7,"C7 C8 D8 D9 D10",2383,0.642283,no
2D,E,54,E-o3@B2,3,B2,"B2 B3 B4 C4 C5",2383,0.642283,no
2D,E,55,E-o5@C4,5,C4,"C4 C5 D2 D3 D4",2383,0.642283,no
2D,E,56,E-o7@B8,7,B8,"B8 B9 B10 C7 C8",2383,0.642283,no
2D,E,57,E-o0@B10,0,B10,"B10 C10 D9 D10 E9",2274,0.612905,no
2D,E,58,E-o2@A3,2,A3,"A3 B2 B3 C2 D2",2274,0.612905,no
2D,E,59,E-o4@B2,4,B2,"B2 C2 D2 D3 E3",2274,0.612905,no
2D,E,60,E-o6@A9,6,A9,"A9 B9 B10 C10 D10",2274,0.612905,no
2D,E,61,E-o1@D5,1,D5,"D5 D6 E6 E7 E8",2029,0.546871,no
2D,E,62,E-o3@A4,3,A4,"A4 A5 A6 B6 B7",2029,0.546871,no
2D,E,63,E-o5@D6,5,D6,"D6 D7 E4 E5 E6",2029,0.546871,no
2D,E,64,E-o7@A6,7,A6,"A6 A7 A8 B5 B6",2029,0.546871,no
2D,E,65,E-o1@A5,1,A5,"A5 A6 B6 B7 B8",1958,0.527734,no
2D,E,66,E-o3@D4,3,D4,"D4 D5 D6 E6 E7",1958,0.527734,no
2D,E,67,E-o5@A6,5,A6,"A6 A7 B4 B5 B6",1958,0.527734,no
2D,E,68,E-o7@D6,7,D6,"D6 D7 D8 E5 E6",1958,0.527734,no
2D,E,69,E-o0@B8,0,B8,"B8 C8 D7 D8 E7",1854,0.499704,no
2D,E,70,E-o2@A5,2,A5,"A5 B4 B5 C4 D4",1854,0.499704,no
2D,E,71,E-o4@B4,4,B4,"B4 C4 D4 D5 E5",1854,0.499704,no
2D,E,72,E-o6@A7,6,A7,"A7 B7 B8 C8 D8",1854,0.499704,no
2D,E,73,E-o1@D7,1,D7,"D7 D8 E8 E9 E10",1655,0.446068,no
2D,E,74,E-o3@A2,3,A2,"A2 A3 A4 B4 B5",1655,0.446068,no
2D,E,75,E-o5@D4,5,D4,"D4 D5 E2 E3 E4",1655,0.446068,no
2D,E,76,E-o7@A8,7,A8,"A8 A9 A10 B7 B8",1655,0.446068,no
2D,E,77,E-o1@C1,1,C1,"C1 C2 D2 D3 D4",1448,0.390275,no
2D,E,78,E-o3@B8,3,B8,"B8 B9 B10 C10 C11",1448,0.390275,no
2D,E,79,E-o5@C10,5,C10,"C10 C11 D8 D9 D10",1448,0.390275,no
2D,E,80,E-o7@B2,7,B2,"B2 B3 B4 C1 C2",1448,0.390275,no
2D,E,81,E-o0@A5,0,A5,"A5 B5 C4 C5 D4",1399,0.377069,no
2D,E,82,E-o2@B8,2,B8,"B8 C7 C8 D7 E7",1399,0.377069,no
2D,E,83,E-o4@A7,4,A7,"A7 B7 C7 C8 D8",1399,0.377069,no
2D,E,84,E-o6@B4,6,B4,"B4 C4 C5 D5 E5",1399,0.377069,no
2D,E,85,E-o1@A2,1,A2,"A2 A3 B3 B4 B5",1266,0.341221,no
2D,E,86,E-o3@D7,3,D7,"D7 D8 D9 E9 E10",1266,0.341221,no
2D,E,87,E-o5@A9,5,A9,"A9 A10 B7 B8 B9",1266,0.341221,no
2D,E,88,E-o7@D3,7,D3,"D3 D4 D5 E2 E3",1266,0.341221,no
2D,E,89,E-o0@A4,0,A4,"A4 B4 C3 C4 D3",1252,0.337448,no
2D,E,90,E-o2@B9,2,B9,"B9 C8 C9 D8 E8",1252,0.337448,no
2D,E,91,E-o4@A8,4,A8,"A8 B8 C8 C9 D9",1252,0.337448,no
2D,E,92,E-o6@B3,6,B3,"B3 C3 C4 D4 E4",1252,0.337448,no
2D,E,93,E-o0@A7,0,A7,"A7 B7 C6 C7 D6",1223,0.329632,no
2D,E,94,E-o2@B6,2,B6,"B6 C5 C6 D5 E5",1223,0.329632,no
2D,E,95,E-o4@A5,4,A5,"A5 B5 C5 C6 D6",1223,0.329632,no
2D,E,96,E-o6@B6,6,B6,"B6 C6 C7 D7 E7",1223,0.329632,no
2D,E,97,E-o1@C8,1,C8,"C8 C9 D9 D10 D11",1085,0.292437,no
2D,E,98,E-o3@B1,3,B1,"B1 B2 B3 C3 C4",1085,0.292437,no
2D,E,99,E-o5@C3,5,C3,"C3 C4 D1 D2 D3",1085,0.292437,no
2D,E,100,E-o7@B9,7,B9,"B9 B10 B11 C8 C9",1085,0.292437,no
2D,E,101,E-o0@A10,0,A10,"A10 B10 C9 C10 D9",1066,0.287316,no
2D,E,102,E-o2@B3,2,B3,"B3 C2 C3 D2 E2",1066,0.287316,no
2D,E,103,E-o4@A2,4,A2,"A2 B2 C2 C3 D3",1066,0.287316,no
2D,E,104,E-o6@B9,6,B9,"B9 C9 C10 D10 E10",1066,0.287316,no
2D,E,105,E-o1@C4,1,C4,"C4 C5 D5 D6 D7",1040,0.280308,no
2D,E,106,E-o3@B5,3,B5,"B5 B6 B7 C7 C8",1040,0.280308,no
2D,E,107,E-o5@C7,5,C7,"C7 C8 D5 D6 D7",1040,0.280308,no
2D,E,108,E-o7@B5,7,B5,"B5 B6 B7 C4 C5",1040,0.280308,no
2D,E,109,E-o0@B6,0,B6,"B6 C6 D5 D6 E5",954,0.257129,no
2D,E,110,E-o2@A7,2,A7,"A7 B6 B7 C6 D6",954,0.257129,no
2D,E,111,E-o4@B6,4,B6,"B6 C6 D6 D7 E7",954,0.257129,no
2D,E,112,E-o6@A5,6,A5,"A5 B5 B6 C6 D6",954,0.257129,no
2D,E,113,E-o1@B5,1,B5,"B5 B6 C6 C7 C8",947,0.255242,no
2D,E,114,E-o3@C4,3,C4,"C4 C5 C6 D6 D7",947,0.255242,no
2D,E,115,E-o5@B6,5,B6,"B6 B7 C4 C5 C6",947,0.255242,no
2D,E,116,E-o7@C6,7,C6,"C6 C7 C8 D5 D6",947,0.255242,no
2D,E,117,E-o0@B4,0,B4,"B4 C4 D3 D4 E3",931,0.250930,no
2D,E,118,E-o2@A9,2,A9,"A9 B8 B9 C8 D8",931,0.250930,no
2D,E,119,E-o4@B8,4,B8,"B8 C8 D8 D9 E9",931,0.250930,no
2D,E,120,E-o6@A3,6,A3,"A3 B3 B4 C4 D4",931,0.250930,no
2D,E,121,E-o1@C6,1,C6,"C6 C7 D7 D8 D9",930,0.250660,no
2D,E,122,E-o3@B3,3,B3,"B3 B4 B5 C5 C6",930,0.250660,no
2D,E,123,E-o5@C5,5,C5,"C5 C6 D3 D4 D5",930,0.250660,no
2D,E,124,E-o7@B7,7,B7,"B7 B8 B9 C6 C7",930,0.250660,no
2D,E,125,E-o1@C3,1,C3,"C3 C4 D4 D5 D6",928,0.250121,no
2D,E,126,E-o3@B6,3,B6,"B6 B7 B8 C8 C9",928,0.250121,no
2D,E,127,E-o5@C8,5,C8,"C8 C9 D6 D7 D8",928,0.250121,no
2D,E,128,E-o7@B4,7,B4,"B4 B5 B6 C3 C4",928,0.250121,no
2D,E,129,E-o1@B3,1,B3,"B3 B4 C4 C5 C6",868,0.233950,no
2D,E,130,E-o3@C6,3,C6,"C6 C7 C8 D8 D9",868,0.233950,no
2D,E,131,E-o5@B8,5,B8,"B8 B9 C6 C7 C8",868,0.233950,no
2D,E,132,E-o7@C4,7,C4,"C4 C5 C6 D3 D4",868,0.233950,no
2D,E,133,E-o1@B8,1,B8,"B8 B9 C9 C10 C11",851,0.229368,no
2D,E,134,E-o3@C1,3,C1,"C1 C2 C3 D3 D4",851,0.229368,no
2D,E,135,E-o5@B3,5,B3,"B3 B4 C1 C2 C3",851,0.229368,no
2D,E,136,E-o7@C9,7,C9,"C9 C10 C11 D8 D9",851,0.229368,no
2D,E,137,E-o0@A8,0,A8,"A8 B8 C7 C8 D7",838,0.225864,no
2D,E,138,E-o2@B5,2,B5,"B5 C4 C5 D4 E4",838,0.225864,no
2D,E,139,E-o4@A4,4,A4,"A4 B4 C4 C5 D5",838,0.225864,no
2D,E,140,E-o6@B7,6,B7,"B7 C7 C8 D8 E8",838,0.225864,no
2D,E,141,E-o1@C5,1,C5,"C5 C6 D6 D7 D8",801,0.215891,no
2D,E,142,E-o3@B4,3,B4,"B4 B5 B6 C6 C7",801,0.215891,no
2D,E,143,E-o5@C6,5,C6,"C6 C7 D4 D5 D6",801,0.215891,no
2D,E,144,E-o7@B6,7,B6,"B6 B7 B8 C5 C6",801,0.215891,no
2D,E,145,E-o0@B5,0,B5,"B5 C5 D4 D5 E4",789,0.212657,no
2D,E,146,E-o2@A8,2,A8,"A8 B7 B8 C7 D7",789,0.212657,no
2D,E,147,E-o4@B7,4,B7,"B7 C7 D7 D8 E8",789,0.212657,no
2D,E,148,E-o6@A4,6,A4,"A4 B4 B5 C5 D5",789,0.212657,no
2D,E,149,E-o0@A6,0,A6,"A6 B6 C5 C6 D5",778,0.209692,no
2D,E,150,E-o2@B7,2,B7,"B7 C6 C7 D6 E6",778,0.209692,no
2D,E,151,E-o4@A6,4,A6,"A6 B6 C6 C7 D7",778,0.209692,no
2D,E,152,E-o6@B5,6,B5,"B5 C5 C6 D6 E6",778,0.209692,no
2D,E,153,E-o1@C2,1,C2,"C2 C3 D3 D4 D5",775,0.208884,no
2D,E,154,E-o3@B7,3,B7,"B7 B8 B9 C9 C10",775,0.208884,no
2D,E,155,E-o5@C9,5,C9,"C9 C10 D7 D8 D9",775,0.208884,no
2D,E,156,E-o7@B3,7,B3,"B3 B4 B5 C2 C3",775,0.208884,no
2D,E,157,E-o0@A9,0,A9,"A9 B9 C8 C9 D8",768,0.206997,no
2D,E,158,E-o2@B4,2,B4,"B4 C3 C4 D3 E3",768,0.206997,no
2D,E,159,E-o4@A3,4,A3,"A3 B3 C3 C4 D4",768,0.206997,no
2D,E,160,E-o6@B8,6,B8,"B8 C8 C9 D9 E9",768,0.206997,no
2D,E,161,E-o1@B7,1,B7,"B7 B8 C8 C9 C10",673,0.181392,no
2D,E,162,E-o3@C2,3,C2,"C2 C3 C4 D4 D5",673,0.181392,no
2D,E,163,E-o5@B4,5,B4,"B4 B5 C2 C3 C4",673,0.181392,no
2D,E,164,E-o7@C8,7,C8,"C8 C9 C10 D7 D8",673,0.181392,no
2D,E,165,E-o1@B2,1,B2,"B2 B3 C3 C4 C5",577,0.155517,no
2D,E,166,E-o3@C7,3,C7,"C7 C8 C9 D9 D10",577,0.155517,no
2D,E,167,E-o5@B9,5,B9,"B9 B10 C7 C8 C9",577,0.155517,no
2D,E,168,E-o7@C3,7,C3,"C3 C4 C5 D2 D3",577,0.155517,no
2D,E,169,E-o1@B6,1,B6,"B6 B7 C7 C8 C9",498,0.134225,no
2D,E,170,E-o3@C3,3,C3,"C3 C4 C5 D5 D6",498,0.134225,no
2D,E,171,E-o5@B5,5,B5,"B5 B6 C3 C4 C5",498,0.134225,no
2D,E,172,E-o7@C7,7,C7,"C7 C8 C9 D6 D7",498,0.134225,no
2D,E,173,E-o0@B7,0,B7,"B7 C7 D6 D7 E6",437,0.117783,no
2D,E,174,E-o2@A6,2,A6,"A6 B5 B6 C5 D5",437,0.117783,no
2D,E,175,E-o4@B5,4,B5,"B5 C5 D5 D6 E6",437,0.117783,no
2D,E,176,E-o6@A6,6,A6,"A6 B6 B7 C7 D7",437,0.117783,no
2D,E,177,E-o1@B1,1,B1,"B1 B2 C2 C3 C4",435,0.117244,no
2D,E,178,E-o3@C8,3,C8,"C8 C9 C10 D10 D11",435,0.117244,no
2D,E,179,E-o5@B10,5,B10,"B10 B11 C8 C9 C10",435,0.117244,no
2D,E,180,E-o7@C2,7,C2,"C2 C3 C4 D1 D2",435,0.117244,no
2D,E,181,E-o0@B9,0,B9,"B9 C9 D8 D9 E8",422,0.113740,no
2D,E,182,E-o2@A4,2,A4,"A4 B3 B4 C3 D3",422,0.113740,no
2D,E,183,E-o4@B3,4,B3,"B3 C3 D3 D4 E4",422,0.113740,no
2D,E,184,E-o6@A8,6,A8,"A8 B8 B9 C9 D9",422,0.113740,no
2D,E,185,E-o1@B4,1,B4,"B4 B5 C5 C6 C7",351,0.094604,no
2D,E,186,E-o3@C5,3,C5,"C5 C6 C7 D7 D8",351,0.094604,no
2D,E,187,E-o5@B7,5,B7,"B7 B8 C5 C6 C7",351,0.094604,no
2D,E,188,E-o7@C5,7,C5,"C5 C6 C7 D4 D5",351,0.094604,no
2D,E,189,E-o0@B3,0,B3,"B3 C3 D2 D3 E2",229,0.061722,no
2D,E,190,E-o2@A10,2,A10,"A10 B9 B10 C9 D9",229,0.061722,no
2D,E,191,E-o4@B9,4,B9,"B9 C9 D9 D10 E10",229,0.061722,no
2D,E,192,E-o6@A2,6,A2,"A2 B2 B3 C3 D3",229,0.061722,no
2D,E,193,E-o0@A2,0,A2,"A2 B2 C1 C2 D1",0,0.000000,yes
2D,E,194,E-o0@B11,0,B11,"B11 C11 D10 D11 E10",0,0.000000,yes
2D,E,195,E-o1@A8,1,A8,"A8 A9 B9 B10 B11",0,0.000000,yes
2D,E,196,E-o1@D1,1,D1,"D1 D2 E2 E3 E4",0,0.000000,yes
2D,E,197,E-o2@A2,2,A2,"A2 B1 B2 C1 D1",0,0.000000,yes
2D,E,198,E-o2@B11,2,B11,"B11 C10 C11 D10 E10",0,0.000000,yes
2D,E,199,E-o3@A8,3,A8,"A8 A9 A10 B10 B11",0,0.000000,yes
2D,E,200,E-o3@D1,3,D1,"D1 D2 D3 E3 E4",0,0.000000,yes
2D,E,201,E-o4@A10,4,A10,"A10 B10 C10 C11 D11",0,0.000000,yes
2D,E,202,E-o4@B1,4,B1,"B1 C1 D1 D2 E2",0,0.000000,yes
2D,E,203,E-o5@A3,5,A3,"A3 A4 B1 B2 B3",0,0.000000,yes
2D,E,204,E-o5@D10,5,D10,"D10 D11 E8 E9 E10",0,0.000000,yes
2D,E,205,E-o6@A10,6,A10,"A10 B10 B11 C11 D11",0,0.000000,yes
2D,E,206,E-o6@B1,6,B1,"B1 C1 C2 D2 E2",0,0.000000,yes
2D,E,207,E-o7@A2,7,A2,"A2 A3 A4 B1 B2",0,0.000000,yes
2D,E,208,E-o7@D9,7,D9,"D9 D10 D11 E8 E9",0,0.000000,yes
2D,F,1,F-o0@D11,0,D11,"D11 E10 E11",17341,4.673872,no
2D,F,2,F-o1@D1,1,D1,"D1 E1 E2",17341,4.673872,no
2D,F,3,F-o2@A1,2,A1,"A1 A2 B1",17341,4.673872,no
2D,F,4,F-o3@A10,3,A10,"A10 A11 B11",17341,4.673872,no
2D,F,5,F-o0@D2,0,D2,"D2 E1 E2",6863,1.849766,no
2D,F,6,F-o1@D10,1,D10,"D10 E10 E11",6863,1.849766,no
2D,F,7,F-o2@A10,2,A10,"A10 A11 B10",6863,1.849766,no
2D,F,8,F-o3@A1,3,A1,"A1 A2 B2",6863,1.849766,no
2D,F,9,F-o0@A11,0,A11,"A11 B10 B11",5350,1.441971,no
2D,F,10,F-o1@A1,1,A1,"A1 B1 B2",5350,1.441971,no
2D,F,11,F-o2@D1,2,D1,"D1 D2 E1",5350,1.441971,no
2D,F,12,F-o3@D10,3,D10,"D10 D11 E11",5350,1.441971,no
2D,F,13,F-o0@D5,0,D5,"D5 E4 E5",4795,1.292383,no
2D,F,14,F-o1@D7,1,D7,"D7 E7 E8",4795,1.292383,no
2D,F,15,F-o2@A7,2,A7,"A7 A8 B7",4795,1.292383,no
2D,F,16,F-o3@A4,3,A4,"A4 A5 B5",4795,1.292383,no
2D,F,17,F-o0@D7,0,D7,"D7 E6 E7",3824,1.030672,no
2D,F,18,F-o1@D5,1,D5,"D5 E5 E6",3824,1.030672,no
2D,F,19,F-o2@A5,2,A5,"A5 A6 B5",3824,1.030672,no
2D,F,20,F-o3@A6,3,A6,"A6 A7 B7",3824,1.030672,no
2D,F,21,F-o0@D6,0,D6,"D6 E5 E6",3187,0.858983,no
2D,F,22,F-o1@D6,1,D6,"D6 E6 E7",3187,0.858983,no
2D,F,23,F-o2@A6,2,A6,"A6 A7 B6",3187,0.858983,no
2D,F,24,F-o3@A5,3,A5,"A5 A6 B6",3187,0.858983,no
2D,F,25,F-o0@D8,0,D8,"D8 E7 E8",2973,0.801305,no
2D,F,26,F-o1@D4,1,D4,"D4 E4 E5",2973,0.801305,no
2D,F,27,F-o2@A4,2,A4,"A4 A5 B4",2973,0.801305,no
2D,F,28,F-o3@A7,3,A7,"A7 A8 B8",2973,0.801305,no
2D,F,29,F-o0@D9,0,D9,"D9 E8 E9",2678,0.721794,no
2D,F,30,F-o1@D3,1,D3,"D3 E3 E4",2678,0.721794,no
2D,F,31,F-o2@A3,2,A3,"A3 A4 B3",2678,0.721794,no
2D,F,32,F-o3@A8,3,A8,"A8 A9 B9",2678,0.721794,no
2D,F,33,F-o0@D10,0,D10,"D10 E9 E10",2568,0.692146,no
2D,F,34,F-o1@D2,1,D2,"D2 E2 E3",2568,0.692146,no
2D,F,35,F-o2@A2,2,A2,"A2 A3 B2",2568,0.692146,no
2D,F,36,F-o3@A9,3,A9,"A9 A10 B10",2568,0.692146,no
2D,F,37,F-o0@C10,0,C10,"C10 D9 D10",2528,0.681365,no
2D,F,38,F-o1@C2,1,C2,"C2 D2 D3",2528,0.681365,no
2D,F,39,F-o2@B2,2,B2,"B2 B3 C2",2528,0.681365,no
2D,F,40,F-o3@B9,3,B9,"B9 B10 C10",2528,0.681365,no
2D,F,41,F-o0@D3,0,D3,"D3 E2 E3",2357,0.635276,no
2D,F,42,F-o1@D9,1,D9,"D9 E9 E10",2357,0.635276,no
2D,F,43,F-o2@A9,2,A9,"A9 A10 B9",2357,0.635276,no
2D,F,44,F-o3@A2,3,A2,"A2 A3 B3",2357,0.635276,no
2D,F,45,F-o0@C11,0,C11,"C11 D10 D11",2331,0.628268,no
2D,F,46,F-o1@C1,1,C1,"C1 D1 D2",2331,0.628268,no
2D,F,47,F-o2@B1,2,B1,"B1 B2 C1",2331,0.628268,no
2D,F,48,F-o3@B10,3,B10,"B10 B11 C11",2331,0.628268,no
2D,F,49,F-o0@C4,0,C4,"C4 D3 D4",2280,0.614522,no
2D,F,50,F-o1@C8,1,C8,"C8 D8 D9",2280,0.614522,no
2D,F,51,F-o2@B8,2,B8,"B8 B9 C8",2280,0.614522,no
2D,F,52,F-o3@B3,3,B3,"B3 B4 C4",2280,0.614522,no
2D,F,53,F-o0@D4,0,D4,"D4 E3 E4",2224,0.599429,no
2D,F,54,F-o1@D8,1,D8,"D8 E8 E9",2224,0.599429,no
2D,F,55,F-o2@A8,2,A8,"A8 A9 B8",2224,0.599429,no
2D,F,56,F-o3@A3,3,A3,"A3 A4 B4",2224,0.599429,no
2D,F,57,F-o0@C3,0,C3,"C3 D2 D3",2002,0.539594,no
2D,F,58,F-o1@C9,1,C9,"C9 D9 D10",2002,0.539594,no
2D,F,59,F-o2@B9,2,B9,"B9 B10 C9",2002,0.539594,no
2D,F,60,F-o3@B2,3,B2,"B2 B3 C3",2002,0.539594,no
2D,F,61,F-o0@B11,0,B11,"B11 C10 C11",1955,0.526926,no
2D,F,62,F-o1@B1,1,B1,"B1 C1 C2",1955,0.526926,no
2D,F,63,F-o2@C1,2,C1,"C1 C2 D1",1955,0.526926,no
2D,F,64,F-o3@C10,3,C10,"C10 C11 D11",1955,0.526926,no
2D,F,65,F-o0@B10,0,B10,"B10 C9 C10",1762,0.474907,no
2D,F,66,F-o1@B2,1,B2,"B2 C2 C3",1762,0.474907,no
2D,F,67,F-o2@C2,2,C2,"C2 C3 D2",1762,0.474907,no
2D,F,68,F-o3@C9,3,C9,"C9 C10 D10",1762,0.474907,no
2D,F,69,F-o0@A5,0,A5,"A5 B4 B5",1590,0.428548,no
2D,F,70,F-o1@A7,1,A7,"A7 B7 B8",1590,0.428548,no
2D,F,71,F-o2@D7,2,D7,"D7 D8 E7",1590,0.428548,no
2D,F,72,F-o3@D4,3,D4,"D4 D5 E5",1590,0.428548,no
2D,F,73,F-o0@B5,0,B5,"B5 C4 C5",1558,0.419923,no
2D,F,74,F-o1@B7,1,B7,"B7 C7 C8",1558,0.419923,no
2D,F,75,F-o2@C7,2,C7,"C7 C8 D7",1558,0.419923,no
2D,F,76,F-o3@C4,3,C4,"C4 C5 D5",1558,0.419923,no
2D,F,77,F-o0@C6,0,C6,"C6 D5 D6",1536,0.413994,no
2D,F,78,F-o1@C6,1,C6,"C6 D6 D7",1536,0.413994,no
2D,F,79,F-o2@B6,2,B6,"B6 B7 C6",1536,0.413994,no
2D,F,80,F-o3@B5,3,B5,"B5 B6 C6",1536,0.413994,no
2D,F,81,F-o0@C7,0,C7,"C7 D6 D7",1436,0.387041,no
2D,F,82,F-o1@C5,1,C5,"C5 D5 D6",1436,0.387041,no
2D,F,83,F-o2@B5,2,B5,"B5 B6 C5",1436,0.387041,no
2D,F,84,F-o3@B6,3,B6,"B6 B7 C7",1436,0.387041,no
2D,F,85,F-o0@B8,0,B8,"B8 C7 C8",1390,0.374643,no
2D,F,86,F-o1@B4,1,B4,"B4 C4 C5",1390,0.374643,no
2D,F,87,F-o2@C4,2,C4,"C4 C5 D4",1390,0.374643,no
2D,F,88,F-o3@C7,3,C7,"C7 C8 D8",1390,0.374643,no
2D,F,89,F-o0@C8,0,C8,"C8 D7 D8",1274,0.343378,no
2D,F,90,F-o1@C4,1,C4,"C4 D4 D5",1274,0.343378,no
2D,F,91,F-o2@B4,2,B4,"B4 B5 C4",1274,0.343378,no
2D,F,92,F-o3@B7,3,B7,"B7 B8 C8",1274,0.343378,no
2D,F,93,F-o0@B2,0,B2,"B2 C1 C2",1261,0.339874,no
2D,F,94,F-o1@B10,1,B10,"B10 C10 C11",1261,0.339874,no
2D,F,95,F-o2@C10,2,C10,"C10 C11 D10",1261,0.339874,no
2D,F,96,F-o3@C1,3,C1,"C1 C2 D2",1261,0.339874,no
2D,F,97,F-o0@C2,0,C2,"C2 D1 D2",1257,0.338796,no
2D,F,98,F-o1@C10,1,C10,"C10 D10 D11",1257,0.338796,no
2D,F,99,F-o2@B10,2,B10,"B10 B11 C10",1257,0.338796,no
2D,F,100,F-o3@B1,3,B1,"B1 B2 C2",1257,0.338796,no
2D,F,101,F-o0@A7,0,A7,"A7 B6 B7",1237,0.333405,no
2D,F,102,F-o1@A5,1,A5,"A5 B5 B6",1237,0.333405,no
2D,F,103,F-o2@D5,2,D5,"D5 D6 E5",1237,0.333405,no
2D,F,104,F-o3@D6,3,D6,"D6 D7 E7",1237,0.333405,no
2D,F,105,F-o0@C9,0,C9,"C9 D8 D9",1195,0.322085,no
2D,F,106,F-o1@C3,1,C3,"C3 D3 D4",1195,0.322085,no
2D,F,107,F-o2@B3,2,B3,"B3 B4 C3",1195,0.322085,no
2D,F,108,F-o3@B8,3,B8,"B8 B9 C9",1195,0.322085,no
2D,F,109,F-o0@B6,0,B6,"B6 C5 C6",1162,0.313191,no
2D,F,110,F-o1@B6,1,B6,"B6 C6 C7",1162,0.313191,no
2D,F,111,F-o2@C6,2,C6,"C6 C7 D6",1162,0.313191,no
2D,F,112,F-o3@C5,3,C5,"C5 C6 D6",1162,0.313191,no
2D,F,113,F-o0@B9,0,B9,"B9 C8 C9",1155,0.311304,no
2D,F,114,F-o1@B3,1,B3,"B3 C3 C4",1155,0.311304,no
2D,F,115,F-o2@C3,2,C3,"C3 C4 D3",1155,0.311304,no
2D,F,116,F-o3@C8,3,C8,"C8 C9 D9",1155,0.311304,no
2D,F,117,F-o0@A4,0,A4,"A4 B3 B4",1133,0.305374,no
2D,F,118,F-o1@A8,1,A8,"A8 B8 B9",1133,0.305374,no
2D,F,119,F-o2@D8,2,D8,"D8 D9 E8",1133,0.305374,no
2D,F,120,F-o3@D3,3,D3,"D3 D4 E4",1133,0.305374,no
2D,F,121,F-o0@B4,0,B4,"B4 C3 C4",1110,0.299175,no
2D,F,122,F-o1@B8,1,B8,"B8 C8 C9",1110,0.299175,no
2D,F,123,F-o2@C8,2,C8,"C8 C9 D8",1110,0.299175,no
2D,F,124,F-o3@C3,3,C3,"C3 C4 D4",1110,0.299175,no
2D,F,125,F-o0@A10,0,A10,"A10 B9 B10",1093,0.294593,no
2D,F,126,F-o1@A2,1,A2,"A2 B2 B3",1093,0.294593,no
2D,F,127,F-o2@D2,2,D2,"D2 D3 E2",1093,0.294593,no
2D,F,128,F-o3@D9,3,D9,"D9 D10 E10",1093,0.294593,no
2D,F,129,F-o0@A3,0,A3,"A3 B2 B3",1088,0.293246,no
2D,F,130,F-o1@A9,1,A9,"A9 B9 B10",1088,0.293246,no
2D,F,131,F-o2@D9,2,D9,"D9 D10 E9",1088,0.293246,no
2D,F,132,F-o3@D2,3,D2,"D2 D3 E3",1088,0.293246,no
2D,F,133,F-o0@B7,0,B7,"B7 C6 C7",1080,0.291089,no
2D,F,134,F-o1@B5,1,B5,"B5 C5 C6",1080,0.291089,no
2D,F,135,F-o2@C5,2,C5,"C5 C6 D5",1080,0.291089,no
2D,F,136,F-o3@C6,3,C6,"C6 C7 D7",1080,0.291089,no
2D,F,137,F-o0@C5,0,C5,"C5 D4 D5",1027,0.276804,no
2D,F,138,F-o1@C7,1,C7,"C7 D7 D8",1027,0.276804,no
2D,F,139,F-o2@B7,2,B7,"B7 B8 C7",1027,0.276804,no
2D,F,140,F-o3@B4,3,B4,"B4 B5 C5",1027,0.276804,no
2D,F,141,F-o0@A8,0,A8,"A8 B7 B8",1026,0.276535,no
2D,F,142,F-o1@A4,1,A4,"A4 B4 B5",1026,0.276535,no
2D,F,143,F-o2@D4,2,D4,"D4 D5 E4",1026,0.276535,no
2D,F,144,F-o3@D7,3,D7,"D7 D8 E8",1026,0.276535,no
2D,F,145,F-o0@B3,0,B3,"B3 C2 C3",997,0.268719,no
2D,F,146,F-o1@B9,1,B9,"B9 C9 C10",997,0.268719,no
2D,F,147,F-o2@C9,2,C9,"C9 C10 D9",997,0.268719,no
2D,F,148,F-o3@C2,3,C2,"C2 C3 D3",997,0.268719,no
2D,F,149,F-o0@A6,0,A6,"A6 B5 B6",624,0.168185,no
2D,F,150,F-o1@A6,1,A6,"A6 B6 B7",624,0.168185,no
2D,F,151,F-o2@D6,2,D6,"D6 D7 E6",624,0.168185,no
2D,F,152,F-o3@D5,3,D5,"D5 D6 E6",624,0.168185,no
2D,F,153,F-o0@A9,0,A9,"A9 B8 B9",508,0.136920,no
2D,F,154,F-o1@A3,1,A3,"A3 B3 B4",508,0.136920,no
2D,F,155,F-o2@D3,2,D3,"D3 D4 E3",508,0.136920,no
2D,F,156,F-o3@D8,3,D8,"D8 D9 E9",508,0.136920,no
2D,F,157,F-o0@A2,0,A2,"A2 B1 B2",0,0.000000,yes
2D,F,158,F-o1@A10,1,A10,"A10 B10 B11",0,0.000000,yes
2D,F,159,F-o2@D10,2,D10,"D10 D11 E10",0,0.000000,yes
2D,F,160,F-o3@D1,3,D1,"D1 D2 E2",0,0.000000,yes
2D,G,1,G-o0@C11,0,C11,"C11 D11 E9 E10 E11",28679,7.729772,no
2D,G,2,G-o1@C1,1,C1,"C1 D1 E1 E2 E3",28679,7.729772,no
2D,G,3,G-o2@A1,2,A1,"A1 A2 A3 B1 C1",28679,7.729772,no
2D,G,4,G-o3@A9,3,A9,"A9 A10 A11 B11 C11",28679,7.729772,no
2D,G,5,G-o0@C3,0,C3,"C3 D3 E1 E2 E3",6614,1.782653,no
2D,G,6,G-o1@C9,1,C9,"C9 D9 E9 E10 E11",6614,1.782653,no
2D,G,7,G-o2@A9,2,A9,"A9 A10 A11 B9 C9",6614,1.782653,no
2D,G,8,G-o3@A1,3,A1,"A1 A2 A3 B3 C3",6614,1.782653,no
2D,G,9,G-o0@A11,0,A11,"A11 B11 C9 C10 C11",6350,1.711498,no
2D,G,10,G-o1@A1,1,A1,"A1 B1 C1 C2 C3",6350,1.711498,no
2D,G,11,G-o2@C1,2,C1,"C1 C2 C3 D1 E1",6350,1.711498,no
2D,G,12,G-o3@C9,3,C9,"C9 C10 C11 D11 E11",6350,1.711498,no
2D,G,13,G-o0@C6,0,C6,"C6 D6 E4 E5 E6",5033,1.356531,no
2D,G,14,G-o1@C6,1,C6,"C6 D6 E6 E7 E8",5033,1.356531,no
2D,G,15,G-o2@A6,2,A6,"A6 A7 A8 B6 C6",5033,1.356531,no
2D,G,16,G-o3@A4,3,A4,"A4 A5 A6 B6 C6",5033,1.356531,no
2D,G,17,G-o0@C8,0,C8,"C8 D8 E6 E7 E8",4658,1.255458,no
2D,G,18,G-o1@C4,1,C4,"C4 D4 E4 E5 E6",4658,1.255458,no
2D,G,19,G-o2@A4,2,A4,"A4 A5 A6 B4 C4",4658,1.255458,no
2D,G,20,G-o3@A6,3,A6,"A6 A7 A8 B8 C8",4658,1.255458,no
2D,G,21,G-o0@C7,0,C7,"C7 D7 E5 E6 E7",4394,1.184303,no
2D,G,22,G-o1@C5,1,C5,"C5 D5 E5 E6 E7",4394,1.184303,no
2D,G,23,G-o2@A5,2,A5,"A5 A6 A7 B5 C5",4394,1.184303,no
2D,G,24,G-o3@A5,3,A5,"A5 A6 A7 B7 C7",4394,1.184303,no
2D,G,25,G-o0@C5,0,C5,"C5 D5 E3 E4 E5",4350,1.172444,no
2D,G,26,G-o1@C7,1,C7,"C7 D7 E7 E8 E9",4350,1.172444,no
2D,G,27,G-o2@A7,2,A7,"A7 A8 A9 B7 C7",4350,1.172444,no
2D,G,28,G-o3@A3,3,A3,"A3 A4 A5 B5 C5",4350,1.172444,no
2D,G,29,G-o0@C10,0,C10,"C10 D10 E8 E9 E10",4191,1.129589,no
2D,G,30,G-o1@C2,1,C2,"C2 D2 E2 E3 E4",4191,1.129589,no
2D,G,31,G-o2@A2,2,A2,"A2 A3 A4 B2 C2",4191,1.129589,no
2D,G,32,G-o3@A8,3,A8,"A8 A9 A10 B10 C10",4191,1.129589,no
2D,G,33,G-o0@C9,0,C9,"C9 D9 E7 E8 E9",3667,0.988356,no
2D,G,34,G-o1@C3,1,C3,"C3 D3 E3 E4 E5",3667,0.988356,no
2D,G,35,G-o2@A3,2,A3,"A3 A4 A5 B3 C3",3667,0.988356,no
2D,G,36,G-o3@A7,3,A7,"A7 A8 A9 B9 C9",3667,0.988356,no
2D,G,37,G-o0@B11,0,B11,"B11 C11 D9 D10 D11",3541,0.954396,no
2D,G,38,G-o1@B1,1,B1,"B1 C1 D1 D2 D3",3541,0.954396,no
2D,G,39,G-o2@B1,2,B1,"B1 B2 B3 C1 D1",3541,0.954396,no
2D,G,40,G-o3@B9,3,B9,"B9 B10 B11 C11 D11",3541,0.954396,no
2D,G,41,G-o0@C4,0,C4,"C4 D4 E2 E3 E4",3507,0.945232,no
2D,G,42,G-o1@C8,1,C8,"C8 D8 E8 E9 E10",3507,0.945232,no
2D,G,43,G-o2@A8,2,A8,"A8 A9 A10 B8 C8",3507,0.945232,no
2D,G,44,G-o3@A2,3,A2,"A2 A3 A4 B4 C4",3507,0.945232,no
2D,G,45,G-o0@A3,0,A3,"A3 B3 C1 C2 C3",2507,0.675705,no
2D,G,46,G-o1@A9,1,A9,"A9 B9 C9 C10 C11",2507,0.675705,no
2D,G,47,G-o2@C9,2,C9,"C9 C10 C11 D9 E9",2507,0.675705,no
2D,G,48,G-o3@C1,3,C1,"C1 C2 C3 D3 E3",2507,0.675705,no
2D,G,49,G-o0@B10,0,B10,"B10 C10 D8 D9 D10",1462,0.394049,no
2D,G,50,G-o1@B2,1,B2,"B2 C2 D2 D3 D4",1462,0.394049,no
2D,G,51,G-o2@B2,2,B2,"B2 B3 B4 C2 D2",1462,0.394049,no
2D,G,52,G-o3@B8,3,B8,"B8 B9 B10 C10 D10",1462,0.394049,no
2D,G,53,G-o0@A4,0,A4,"A4 B4 C2 C3 C4",1400,0.377338,no
2D,G,54,G-o1@A8,1,A8,"A8 B8 C8 C9 C10",1400,0.377338,no
2D,G,55,G-o2@C8,2,C8,"C8 C9 C10 D8 E8",1400,0.377338,no
2D,G,56,G-o3@C2,3,C2,"C2 C3 C4 D4 E4",1400,0.377338,no
2D,G,57,G-o0@A10,0,A10,"A10 B10 C8 C9 C10",1353,0.364670,no
2D,G,58,G-o1@A2,1,A2,"A2 B2 C2 C3 C4",1353,0.364670,no
2D,G,59,G-o2@C2,2,C2,"C2 C3 C4 D2 E2",1353,0.364670,no
2D,G,60,G-o3@C8,3,C8,"C8 C9 C10 D10 E10",1353,0.364670,no
2D,G,61,G-o0@B4,0,B4,"B4 C4 D2 D3 D4",1249,0.336640,no
2D,G,62,G-o1@B8,1,B8,"B8 C8 D8 D9 D10",1249,0.336640,no
2D,G,63,G-o2@B8,2,B8,"B8 B9 B10 C8 D8",1249,0.336640,no
2D,G,64,G-o3@B2,3,B2,"B2 B3 B4 C4 D4",1249,0.336640,no
2D,G,65,G-o0@A7,0,A7,"A7 B7 C5 C6 C7",1174,0.316425,no
2D,G,66,G-o1@A5,1,A5,"A5 B5 C5 C6 C7",1174,0.316425,no
2D,G,67,G-o2@C5,2,C5,"C5 C6 C7 D5 E5",1174,0.316425,no
2D,G,68,G-o3@C5,3,C5,"C5 C6 C7 D7 E7",1174,0.316425,no
2D,G,69,G-o0@B3,0,B3,"B3 C3 D1 D2 D3",1169,0.315077,no
2D,G,70,G-o1@B9,1,B9,"B9 C9 D9 D10 D11",1169,0.315077,no
2D,G,71,G-o2@B9,2,B9,"B9 B10 B11 C9 D9",1169,0.315077,no
2D,G,72,G-o3@B1,3,B1,"B1 B2 B3 C3 D3",1169,0.315077,no
2D,G,73,G-o0@A6,0,A6,"A6 B6 C4 C5 C6",1116,0.300792,no
2D,G,74,G-o1@A6,1,A6,"A6 B6 C6 C7 C8",1116,0.300792,no
2D,G,75,G-o2@C6,2,C6,"C6 C7 C8 D6 E6",1116,0.300792,no
2D,G,76,G-o3@C4,3,C4,"C4 C5 C6 D6 E6",1116,0.300792,no
2D,G,77,G-o0@B6,0,B6,"B6 C6 D4 D5 D6",1070,0.288394,no
2D,G,78,G-o1@B6,1,B6,"B6 C6 D6 D7 D8",1070,0.288394,no
2D,G,79,G-o2@B6,2,B6,"B6 B7 B8 C6 D6",1070,0.288394,no
2D,G,80,G-o3@B4,3,B4,"B4 B5 B6 C6 D6",1070,0.288394,no
2D,G,81,G-o0@A8,0,A8,"A8 B8 C6 C7 C8",1046,0.281926,no
2D,G,82,G-o1@A4,1,A4,"A4 B4 C4 C5 C6",1046,0.281926,no
2D,G,83,G-o2@C4,2,C4,"C4 C5 C6 D4 E4",1046,0.281926,no
2D,G,84,G-o3@C6,3,C6,"C6 C7 C8 D8 E8",1046,0.281926,no
2D,G,85,G-o0@B8,0,B8,"B8 C8 D6 D7 D8",926,0.249582,no
2D,G,86,G-o1@B4,1,B4,"B4 C4 D4 D5 D6",926,0.249582,no
2D,G,87,G-o2@B4,2,B4,"B4 B5 B6 C4 D4",926,0.249582,no
2D,G,88,G-o3@B6,3,B6,"B6 B7 B8 C8 D8",926,0.249582,no
2D,G,89,G-o0@B7,0,B7,"B7 C7 D5 D6 D7",876,0.236106,no
2D,G,90,G-o1@B5,1,B5,"B5 C5 D5 D6 D7",876,0.236106,no
2D,G,91,G-o2@B5,2,B5,"B5 B6 B7 C5 D5",876,0.236106,no
2D,G,92,G-o3@B5,3,B5,"B5 B6 B7 C7 D7",876,0.236106,no
2D,G,93,G-o0@A9,0,A9,"A9 B9 C7 C8 C9",681,0.183548,no
2D,G,94,G-o1@A3,1,A3,"A3 B3 C3 C4 C5",681,0.183548,no
2D,G,95,G-o2@C3,2,C3,"C3 C4 C5 D3 E3",681,0.183548,no
2D,G,96,G-o3@C7,3,C7,"C7 C8 C9 D9 E9",681,0.183548,no
2D,G,97,G-o0@B9,0,B9,"B9 C9 D7 D8 D9",643,0.173306,no
2D,G,98,G-o1@B3,1,B3,"B3 C3 D3 D4 D5",643,0.173306,no
2D,G,99,G-o2@B3,2,B3,"B3 B4 B5 C3 D3",643,0.173306,no
2D,G,100,G-o3@B7,3,B7,"B7 B8 B9 C9 D9",643,0.173306,no
2D,G,101,G-o0@B5,0,B5,"B5 C5 D3 D4 D5",623,0.167915,no
2D,G,102,G-o1@B7,1,B7,"B7 C7 D7 D8 D9",623,0.167915,no
2D,G,103,G-o2@B7,2,B7,"B7 B8 B9 C7 D7",623,0.167915,no
2D,G,104,G-o3@B3,3,B3,"B3 B4 B5 C5 D5",623,0.167915,no
2D,G,105,G-o0@A5,0,A5,"A5 B5 C3 C4 C5",476,0.128295,no
2D,G,106,G-o1@A7,1,A7,"A7 B7 C7 C8 C9",476,0.128295,no
2D,G,107,G-o2@C7,2,C7,"C7 C8 C9 D7 E7",476,0.128295,no
2D,G,108,G-o3@C3,3,C3,"C3 C4 C5 D5 E5",476,0.128295,no
2D,H,1,H-o0@C6,0,C6,"C6 D5 D6 E4 E5",7293,1.965662,no
2D,H,2,H-o1@C6,1,C6,"C6 D6 D7 E7 E8",7293,1.965662,no
2D,H,3,H-o2@A7,2,A7,"A7 A8 B6 B7 C6",7293,1.965662,no
2D,H,4,H-o3@A4,3,A4,"A4 A5 B5 B6 C6",7293,1.965662,no
2D,H,5,H-o0@C8,0,C8,"C8 D7 D8 E6 E7",6748,1.818770,no
2D,H,6,H-o1@C4,1,C4,"C4 D4 D5 E5 E6",6748,1.818770,no
2D,H,7,H-o2@A5,2,A5,"A5 A6 B4 B5 C4",6748,1.818770,no
2D,H,8,H-o3@A6,3,A6,"A6 A7 B7 B8 C8",6748,1.818770,no
2D,H,9,H-o0@C3,0,C3,"C3 D2 D3 E1 E2",6222,1.676999,no
2D,H,10,H-o1@C9,1,C9,"C9 D9 D10 E10 E11",6222,1.676999,no
2D,H,11,H-o2@A10,2,A10,"A10 A11 B9 B10 C9",6222,1.676999,no
2D,H,12,H-o3@A1,3,A1,"A1 A2 B2 B3 C3",6222,1.676999,no
2D,H,13,H-o0@B10,0,B10,"B10 C9 C10 D8 D9",5709,1.538731,no
2D,H,14,H-o1@B2,1,B2,"B2 C2 C3 D3 D4",5709,1.538731,no
2D,H,15,H-o2@B3,2,B3,"B3 B4 C2 C3 D2",5709,1.538731,no
2D,H,16,H-o3@B8,3,B8,"B8 B9 C9 C10 D10",5709,1.538731,no
2D,H,17,H-o0@C10,0,C10,"C10 D9 D10 E8 E9",5532,1.491025,no
2D,H,18,H-o1@C2,1,C2,"C2 D2 D3 E3 E4",5532,1.491025,no
2D,H,19,H-o2@A3,2,A3,"A3 A4 B2 B3 C2",5532,1.491025,no
2D,H,20,H-o3@A8,3,A8,"A8 A9 B9 B10 C10",5532,1.491025,no
2D,H,21,H-o0@B5,0,B5,"B5 C4 C5 D3 D4",5380,1.450057,no
2D,H,22,H-o1@B7,1,B7,"B7 C7 C8 D8 D9",5380,1.450057,no
2D,H,23,H-o2@B8,2,B8,"B8 B9 C7 C8 D7",5380,1.450057,no
2D,H,24,H-o3@B3,3,B3,"B3 B4 C4 C5 D5",5380,1.450057,no
2D,H,25,H-o0@B7,0,B7,"B7 C6 C7 D5 D6",4388,1.182686,no
2D,H,26,H-o1@B5,1,B5,"B5 C5 C6 D6 D7",4388,1.182686,no
2D,H,27,H-o2@B6,2,B6,"B6 B7 C5 C6 D5",4388,1.182686,no
2D,H,28,H-o3@B5,3,B5,"B5 B6 C6 C7 D7",4388,1.182686,no
2D,H,29,H-o0@A11,0,A11,"A11 B10 B11 C9 C10",4296,1.157889,no
2D,H,30,H-o1@A1,1,A1,"A1 B1 B2 C2 C3",4296,1.157889,no
2D,H,31,H-o2@C2,2,C2,"C2 C3 D1 D2 E1",4296,1.157889,no
2D,H,32,H-o3@C9,3,C9,"C9 C10 D10 D11 E11",4296,1.157889,no
2D,H,33,H-o0@C9,0,C9,"C9 D8 D9 E7 E8",3951,1.064902,no
2D,H,34,H-o1@C3,1,C3,"C3 D3 D4 E4 E5",3951,1.064902,no
2D,H,35,H-o2@A4,2,A4,"A4 A5 B3 B4 C3",3951,1.064902,no
2D,H,36,H-o3@A7,3,A7,"A7 A8 B8 B9 C9",3951,1.064902,no
2D,H,37,H-o0@C7,0,C7,"C7 D6 D7 E5 E6",3886,1.047383,no
2D,H,38,H-o1@C5,1,C5,"C5 D5 D6 E6 E7",3886,1.047383,no
2D,H,39,H-o2@A6,2,A6,"A6 A7 B5 B6 C5",3886,1.047383,no
2D,H,40,H-o3@A5,3,A5,"A5 A6 B6 B7 C7",3886,1.047383,no
2D,H,41,H-o0@B8,0,B8,"B8 C7 C8 D6 D7",3803,1.025012,no
2D,H,42,H-o1@B4,1,B4,"B4 C4 C5 D5 D6",3803,1.025012,no
2D,H,43,H-o2@B5,2,B5,"B5 B6 C4 C5 D4",3803,1.025012,no
2D,H,44,H-o3@B6,3,B6,"B6 B7 C7 C8 D8",3803,1.025012,no
2D,H,45,H-o0@B11,0,B11,"B11 C10 C11 D9 D10",3635,0.979732,no
2D,H,46,H-o1@B1,1,B1,"B1 C1 C2 D2 D3",3635,0.979732,no
2D,H,47,H-o2@B2,2,B2,"B2 B3 C1 C2 D1",3635,0.979732,no
2D,H,48,H-o3@B9,3,B9,"B9 B10 C10 C11 D11",3635,0.979732,no
2D,H,49,H-o0@B4,0,B4,"B4 C3 C4 D2 D3",3540,0.954126,no
2D,H,50,H-o1@B8,1,B8,"B8 C8 C9 D9 D10",3540,0.954126,no
2D,H,51,H-o2@B9,2,B9,"B9 B10 C8 C9 D8",3540,0.954126,no
2D,H,52,H-o3@B2,3,B2,"B2 B3 C3 C4 D4",3540,0.954126,no
2D,H,53,H-o0@B9,0,B9,"B9 C8 C9 D7 D8",3123,0.841734,no
2D,H,54,H-o1@B3,1,B3,"B3 C3 C4 D4 D5",3123,0.841734,no
2D,H,55,H-o2@B4,2,B4,"B4 B5 C3 C4 D3",3123,0.841734,no
2D,H,56,H-o3@B7,3,B7,"B7 B8 C8 C9 D9",3123,0.841734,no
2D,H,57,H-o0@B6,0,B6,"B6 C5 C6 D4 D5",3063,0.825562,no
2D,H,58,H-o1@B6,1,B6,"B6 C6 C7 D7 D8",3063,0.825562,no
2D,H,59,H-o2@B7,2,B7,"B7 B8 C6 C7 D6",3063,0.825562,no
2D,H,60,H-o3@B4,3,B4,"B4 B5 C5 C6 D6",3063,0.825562,no
2D,H,61,H-o0@C4,0,C4,"C4 D3 D4 E2 E3",2919,0.786750,no
2D,H,62,H-o1@C8,1,C8,"C8 D8 D9 E9 E10",2919,0.786750,no
2D,H,63,H-o2@A9,2,A9,"A9 A10 B8 B9 C8",2919,0.786750,no
2D,H,64,H-o3@A2,3,A2,"A2 A3 B3 B4 C4",2919,0.786750,no
2D,H,65,H-o0@C5,0,C5,"C5 D4 D5 E3 E4",2856,0.769770,no
2D,H,66,H-o1@C7,1,C7,"C7 D7 D8 E8 E9",2856,0.769770,no
2D,H,67,H-o2@A8,2,A8,"A8 A9 B7 B8 C7",2856,0.769770,no
2D,H,68,H-o3@A3,3,A3,"A3 A4 B4 B5 C5",2856,0.769770,no
2D,H,69,H-o0@A9,0,A9,"A9 B8 B9 C7 C8",2647,0.713439,no
2D,H,70,H-o1@A3,1,A3,"A3 B3 B4 C4 C5",2647,0.713439,no
2D,H,71,H-o2@C4,2,C4,"C4 C5 D3 D4 E3",2647,0.713439,no
2D,H,72,H-o3@C7,3,C7,"C7 C8 D8 D9 E9",2647,0.713439,no
2D,H,73,H-o0@A7,0,A7,"A7 B6 B7 C5 C6",2228,0.600507,no
2D,H,74,H-o1@A5,1,A5,"A5 B5 B6 C6 C7",2228,0.600507,no
2D,H,75,H-o2@C6,2,C6,"C6 C7 D5 D6 E5",2228,0.600507,no
2D,H,76,H-o3@C5,3,C5,"C5 C6 D6 D7 E7",2228,0.600507,no
2D,H,77,H-o0@A6,0,A6,"A6 B5 B6 C4 C5",2186,0.589187,no
2D,H,78,H-o1@A6,1,A6,"A6 B6 B7 C7 C8",2186,0.589187,no
2D,H,79,H-o2@C7,2,C7,"C7 C8 D6 D7 E6",2186,0.589187,no
2D,H,80,H-o3@C4,3,C4,"C4 C5 D5 D6 E6",2186,0.589187,no
2D,H,81,H-o0@A3,0,A3,"A3 B2 B3 C1 C2",1995,0.537707,no
2D,H,82,H-o1@A9,1,A9,"A9 B9 B10 C10 C11",1995,0.537707,no
2D,H,83,H-o2@C10,2,C10,"C10 C11 D9 D10 E9",1995,0.537707,no
2D,H,84,H-o3@C1,3,C1,"C1 C2 D2 D3 E3",1995,0.537707,no
2D,H,85,H-o0@A5,0,A5,"A5 B4 B5 C3 C4",1969,0.530699,no
2D,H,86,H-o1@A7,1,A7,"A7 B7 B8 C8 C9",1969,0.530699,no
2D,H,87,H-o2@C8,2,C8,"C8 C9 D7 D8 E7",1969,0.530699,no
2D,H,88,H-o3@C3,3,C3,"C3 C4 D4 D5 E5",1969,0.530699,no
2D,H,89,H-o0@A8,0,A8,"A8 B7 B8 C6 C7",1703,0.459005,no
2D,H,90,H-o1@A4,1,A4,"A4 B4 B5 C5 C6",1703,0.459005,no
2D,H,91,H-o2@C5,2,C5,"C5 C6 D4 D5 E4",1703,0.459005,no
2D,H,92,H-o3@C6,3,C6,"C6 C7 D7 D8 E8",1703,0.459005,no
2D,H,93,H-o0@B3,0,B3,"B3 C2 C3 D1 D2",1511,0.407256,no
2D,H,94,H-o1@B9,1,B9,"B9 C9 C10 D10 D11",1511,0.407256,no
2D,H,95,H-o2@B10,2,B10,"B10 B11 C9 C10 D9",1511,0.407256,no
2D,H,96,H-o3@B1,3,B1,"B1 B2 C2 C3 D3",1511,0.407256,no
2D,H,97,H-o0@A10,0,A10,"A10 B9 B10 C8 C9",1361,0.366827,no
2D,H,98,H-o1@A2,1,A2,"A2 B2 B3 C3 C4",1361,0.366827,no
2D,H,99,H-o2@C3,2,C3,"C3 C4 D2 D3 E2",1361,0.366827,no
2D,H,100,H-o3@C8,3,C8,"C8 C9 D9 D10 E10",1361,0.366827,no
2D,H,101,H-o0@A4,0,A4,"A4 B3 B4 C2 C3",811,0.218587,no
2D,H,102,H-o1@A8,1,A8,"A8 B8 B9 C9 C10",811,0.218587,no
2D,H,103,H-o2@C9,2,C9,"C9 C10 D8 D9 E8",811,0.218587,no
2D,H,104,H-o3@C2,3,C2,"C2 C3 D3 D4 E4",811,0.218587,no
2D,H,105,H-o0@C11,0,C11,"C11 D10 D11 E9 E10",0,0.000000,yes
2D,H,106,H-o1@C1,1,C1,"C1 D1 D2 E2 E3",0,0.000000,yes
2D,H,107,H-o2@A2,2,A2,"A2 A3 B1 B2 C1",0,0.000000,yes
2D,H,108,H-o3@A9,3,A9,"A9 A10 B10 B11 C11",0,0.000000,yes
2D,I,1,I-o1@A1,1,A1,"A1 A2 B1 C1 C2",18347,4.945016,no
2D,I,2,I-o1@C1,1,C1,"C1 C2 D1 E1 E2",18347,4.945016,no
2D,I,3,I-o3@A10,3,A10,"A10 A11 B11 C10 C11",18347,4.945016,no
2D,I,4,I-o3@C10,3,C10,"C10 C11 D11 E10 E11",18347,4.945016,no
2D,I,5,I-o0@D1,0,D1,"D1 D3 E1 E2 E3",16854,4.542612,no
2D,I,6,I-o0@D9,0,D9,"D9 D11 E9 E10 E11",16854,4.542612,no
2D,I,7,I-o2@A1,2,A1,"A1 A2 A3 B1 B3",16854,4.542612,no
2D,I,8,I-o2@A9,2,A9,"A9 A10 A11 B9 B11",16854,4.542612,no
2D,I,9,I-o0@D5,0,D5,"D5 D7 E5 E6 E7",7666,2.066196,no
2D,I,10,I-o2@A5,2,A5,"A5 A6 A7 B5 B7",7666,2.066196,no
2D,I,11,I-o1@B2,1,B2,"B2 B3 C2 D2 D3",5392,1.453291,no
2D,I,12,I-o3@B9,3,B9,"B9 B10 C10 D9 D10",5392,1.453291,no
2D,I,13,I-o1@A5,1,A5,"A5 A6 B5 C5 C6",4978,1.341707,no
2D,I,14,I-o1@C5,1,C5,"C5 C6 D5 E5 E6",4978,1.341707,no
2D,I,15,I-o3@A6,3,A6,"A6 A7 B7 C6 C7",4978,1.341707,no
2D,I,16,I-o3@C6,3,C6,"C6 C7 D7 E6 E7",4978,1.341707,no
2D,I,17,I-o0@D4,0,D4,"D4 D6 E4 E5 E6",4799,1.293461,no
2D,I,18,I-o0@D6,0,D6,"D6 D8 E6 E7 E8",4799,1.293461,no
2D,I,19,I-o2@A4,2,A4,"A4 A5 A6 B4 B6",4799,1.293461,no
2D,I,20,I-o2@A6,2,A6,"A6 A7 A8 B6 B8",4799,1.293461,no
2D,I,21,I-o0@D3,0,D3,"D3 D5 E3 E4 E5",4200,1.132014,no
2D,I,22,I-o0@D7,0,D7,"D7 D9 E7 E8 E9",4200,1.132014,no
2D,I,23,I-o2@A3,2,A3,"A3 A4 A5 B3 B5",4200,1.132014,no
2D,I,24,I-o2@A7,2,A7,"A7 A8 A9 B7 B9",4200,1.132014,no
2D,I,25,I-o1@A4,1,A4,"A4 A5 B4 C4 C5",4187,1.128511,no
2D,I,26,I-o1@C4,1,C4,"C4 C5 D4 E4 E5",4187,1.128511,no
2D,I,27,I-o3@A7,3,A7,"A7 A8 B8 C7 C8",4187,1.128511,no
2D,I,28,I-o3@C7,3,C7,"C7 C8 D8 E7 E8",4187,1.128511,no
2D,I,29,I-o1@A6,1,A6,"A6 A7 B6 C6 C7",3900,1.051156,no
2D,I,30,I-o1@C6,1,C6,"C6 C7 D6 E6 E7",3900,1.051156,no
2D,I,31,I-o3@A5,3,A5,"A5 A6 B6 C5 C6",3900,1.051156,no
2D,I,32,I-o3@C5,3,C5,"C5 C6 D6 E5 E6",3900,1.051156,no
2D,I,33,I-o1@A3,1,A3,"A3 A4 B3 C3 C4",3557,0.958708,no
2D,I,34,I-o1@C3,1,C3,"C3 C4 D3 E3 E4",3557,0.958708,no
2D,I,35,I-o3@A8,3,A8,"A8 A9 B9 C8 C9",3557,0.958708,no
2D,I,36,I-o3@C8,3,C8,"C8 C9 D9 E8 E9",3557,0.958708,no
2D,I,37,I-o0@D2,0,D2,"D2 D4 E2 E3 E4",3017,0.813164,no
2D,I,38,I-o0@D8,0,D8,"D8 D10 E8 E9 E10",3017,0.813164,no
2D,I,39,I-o2@A2,2,A2,"A2 A3 A4 B2 B4",3017,0.813164,no
2D,I,40,I-o2@A8,2,A8,"A8 A9 A10 B8 B10",3017,0.813164,no
2D,I,41,I-o1@B1,1,B1,"B1 B2 C1 D1 D2",2758,0.743356,no
2D,I,42,I-o3@B10,3,B10,"B10 B11 C11 D10 D11",2758,0.743356,no
2D,I,43,I-o0@C2,0,C2,"C2 C4 D2 D3 D4",2593,0.698884,no
2D,I,44,I-o0@C8,0,C8,"C8 C10 D8 D9 D10",2593,0.698884,no
2D,I,45,I-o2@B2,2,B2,"B2 B3 B4 C2 C4",2593,0.698884,no
2D,I,46,I-o2@B8,2,B8,"B8 B9 B10 C8 C10",2593,0.698884,no
2D,I,47,I-o1@A7,1,A7,"A7 A8 B7 C7 C8",2460,0.663037,no
2D,I,48,I-o1@C7,1,C7,"C7 C8 D7 E7 E8",2460,0.663037,no
2D,I,49,I-o3@A4,3,A4,"A4 A5 B5 C4 C5",2460,0.663037,no
2D,I,50,I-o3@C4,3,C4,"C4 C5 D5 E4 E5",2460,0.663037,no
2D,I,51,I-o1@A2,1,A2,"A2 A3 B2 C2 C3",2420,0.652256,no
2D,I,52,I-o1@C2,1,C2,"C2 C3 D2 E2 E3",2420,0.652256,no
2D,I,53,I-o3@A9,3,A9,"A9 A10 B10 C9 C10",2420,0.652256,no
2D,I,54,I-o3@C9,3,C9,"C9 C10 D10 E9 E10",2420,0.652256,no
2D,I,55,I-o1@B8,1,B8,"B8 B9 C8 D8 D9",2020,0.544445,no
2D,I,56,I-o3@B3,3,B3,"B3 B4 C4 D3 D4",2020,0.544445,no
2D,I,57,I-o1@B4,1,B4,"B4 B5 C4 D4 D5",1972,0.531508,no
2D,I,58,I-o3@B7,3,B7,"B7 B8 C8 D7 D8",1972,0.531508,no
2D,I,59,I-o1@B3,1,B3,"B3 B4 C3 D3 D4",1634,0.440408,no
2D,I,60,I-o3@B8,3,B8,"B8 B9 C9 D8 D9",1634,0.440408,no
2D,I,61,I-o0@B1,0,B1,"B1 B3 C1 C2 C3",1608,0.433400,no
2D,I,62,I-o0@B9,0,B9,"B9 B11 C9 C10 C11",1608,0.433400,no
2D,I,63,I-o2@C1,2,C1,"C1 C2 C3 D1 D3",1608,0.433400,no
2D,I,64,I-o2@C9,2,C9,"C9 C10 C11 D9 D11",1608,0.433400,no
2D,I,65,I-o1@B5,1,B5,"B5 B6 C5 D5 D6",1370,0.369252,no
2D,I,66,I-o3@B6,3,B6,"B6 B7 C7 D6 D7",1370,0.369252,no
2D,I,67,I-o0@C3,0,C3,"C3 C5 D3 D4 D5",1346,0.362784,no
2D,I,68,I-o0@C7,0,C7,"C7 C9 D7 D8 D9",1346,0.362784,no
2D,I,69,I-o2@B3,2,B3,"B3 B4 B5 C3 C5",1346,0.362784,no
2D,I,70,I-o2@B7,2,B7,"B7 B8 B9 C7 C9",1346,0.362784,no
2D,I,71,I-o1@B6,1,B6,"B6 B7 C6 D6 D7",1314,0.354159,no
2D,I,72,I-o3@B5,3,B5,"B5 B6 C6 D5 D6",1314,0.354159,no
2D,I,73,I-o0@C4,0,C4,"C4 C6 D4 D5 D6",1305,0.351733,no
2D,I,74,I-o0@C6,0,C6,"C6 C8 D6 D7 D8",1305,0.351733,no
2D,I,75,I-o2@B4,2,B4,"B4 B5 B6 C4 C6",1305,0.351733,no
2D,I,76,I-o2@B6,2,B6,"B6 B7 B8 C6 C8",1305,0.351733,no
2D,I,77,I-o1@B9,1,B9,"B9 B10 C9 D9 D10",1210,0.326128,no
2D,I,78,I-o3@B2,3,B2,"B2 B3 C3 D2 D3",1210,0.326128,no
2D,I,79,I-o1@A9,1,A9,"A9 A10 B9 C9 C10",797,0.214813,no
2D,I,80,I-o1@C9,1,C9,"C9 C10 D9 E9 E10",797,0.214813,no
2D,I,81,I-o3@A2,3,A2,"A2 A3 B3 C2 C3",797,0.214813,no
2D,I,82,I-o3@C2,3,C2,"C2 C3 D3 E2 E3",797,0.214813,no
2D,I,83,I-o0@B2,0,B2,"B2 B4 C2 C3 C4",722,0.194599,no
2D,I,84,I-o0@B8,0,B8,"B8 B10 C8 C9 C10",722,0.194599,no
2D,I,85,I-o2@C2,2,C2,"C2 C3 C4 D2 D4",722,0.194599,no
2D,I,86,I-o2@C8,2,C8,"C8 C9 C10 D8 D10",722,0.194599,no
2D,I,87,I-o0@C5,0,C5,"C5 C7 D5 D6 D7",720,0.194060,no
2D,I,88,I-o2@B5,2,B5,"B5 B6 B7 C5 C7",720,0.194060,no
2D,I,89,I-o1@B7,1,B7,"B7 B8 C7 D7 D8",710,0.191364,no
2D,I,90,I-o3@B4,3,B4,"B4 B5 C5 D4 D5",710,0.191364,no
2D,I,91,I-o0@C1,0,C1,"C1 C3 D1 D2 D3",567,0.152822,no
2D,I,92,I-o0@C9,0,C9,"C9 C11 D9 D10 D11",567,0.152822,no
2D,I,93,I-o2@B1,2,B1,"B1 B2 B3 C1 C3",567,0.152822,no
2D,I,94,I-o2@B9,2,B9,"B9 B10 B11 C9 C11",567,0.152822,no
2D,I,95,I-o0@B3,0,B3,"B3 B5 C3 C4 C5",550,0.148240,no
2D,I,96,I-o0@B7,0,B7,"B7 B9 C7 C8 C9",550,0.148240,no
2D,I,97,I-o2@C3,2,C3,"C3 C4 C5 D3 D5",550,0.148240,no
2D,I,98,I-o2@C7,2,C7,"C7 C8 C9 D7 D9",550,0.148240,no
2D,I,99,I-o0@B4,0,B4,"B4 B6 C4 C5 C6",501,0.135033,no
2D,I,100,I-o0@B6,0,B6,"B6 B8 C6 C7 C8",501,0.135033,no
2D,I,101,I-o2@C4,2,C4,"C4 C5 C6 D4 D6",501,0.135033,no
2D,I,102,I-o2@C6,2,C6,"C6 C7 C8 D6 D8",501,0.135033,no
2D,I,103,I-o1@A8,1,A8,"A8 A9 B8 C8 C9",464,0.125061,no
2D,I,104,I-o1@C8,1,C8,"C8 C9 D8 E8 E9",464,0.125061,no
2D,I,105,I-o3@A3,3,A3,"A3 A4 B4 C3 C4",464,0.125061,no
2D,I,106,I-o3@C3,3,C3,"C3 C4 D4 E3 E4",464,0.125061,no
2D,I,107,I-o0@B5,0,B5,"B5 B7 C5 C6 C7",400,0.107811,no
2D,I,108,I-o2@C5,2,C5,"C5 C6 C7 D5 D7",400,0.107811,no
2D,I,109,I-o0@A1,0,A1,"A1 A3 B1 B2 B3",0,0.000000,yes
2D,I,110,I-o0@A2,0,A2,"A2 A4 B2 B3 B4",0,0.000000,yes
2D,I,111,I-o0@A3,0,A3,"A3 A5 B3 B4 B5",0,0.000000,yes
2D,I,112,I-o0@A4,0,A4,"A4 A6 B4 B5 B6",0,0.000000,yes
2D,I,113,I-o0@A5,0,A5,"A5 A7 B5 B6 B7",0,0.000000,yes
2D,I,114,I-o0@A6,0,A6,"A6 A8 B6 B7 B8",0,0.000000,yes
2D,I,115,I-o0@A7,0,A7,"A7 A9 B7 B8 B9",0,0.000000,yes
2D,I,116,I-o0@A8,0,A8,"A8 A10 B8 B9 B10",0,0.000000,yes
2D,I,117,I-o0@A9,0,A9,"A9 A11 B9 B10 B11",0,0.000000,yes
2D,I,118,I-o1@A10,1,A10,"A10 A11 B10 C10 C11",0,0.000000,yes
2D,I,119,I-o1@B10,1,B10,"B10 B11 C10 D10 D11",0,0.000000,yes
2D,I,120,I-o1@C10,1,C10,"C10 C11 D10 E10 E11",0,0.000000,yes
2D,I,121,I-o2@D1,2,D1,"D1 D2 D3 E1 E3",0,0.000000,yes
2D,I,122,I-o2@D2,2,D2,"D2 D3 D4 E2 E4",0,0.000000,yes
2D,I,123,I-o2@D3,2,D3,"D3 D4 D5 E3 E5",0,0.000000,yes
2D,I,124,I-o2@D4,2,D4,"D4 D5 D6 E4 E6",0,0.000000,yes
2D,I,125,I-o2@D5,2,D5,"D5 D6 D7 E5 E7",0,0.000000,yes
2D,I,126,I-o2@D6,2,D6,"D6 D7 D8 E6 E8",0,0.000000,yes
2D,I,127,I-o2@D7,2,D7,"D7 D8 D9 E7 E9",0,0.000000,yes
2D,I,128,I-o2@D8,2,D8,"D8 D9 D10 E8 E10",0,0.000000,yes
2D,I,129,I-o2@D9,2,D9,"D9 D10 D11 E9 E11",0,0.000000,yes
2D,I,130,I-o3@A1,3,A1,"A1 A2 B2 C1 C2",0,0.000000,yes
2D,I,131,I-o3@B1,3,B1,"B1 B2 C2 D1 D2",0,0.000000,yes
2D,I,132,I-o3@C1,3,C1,"C1 C2 D2 E1 E2",0,0.000000,yes
2D,J,1,J-o1@A1,1,A1,"A1 A2 A3 A4",28513,7.685030,no
2D,J,2,J-o1@A8,1,A8,"A8 A9 A10 A11",28513,7.685030,no
2D,J,3,J-o1@E1,1,E1,"E1 E2 E3 E4",28513,7.685030,no
2D,J,4,J-o1@E8,1,E8,"E8 E9 E10 E11",28513,7.685030,no
2D,J,5,J-o0@A1,0,A1,"A1 B1 C1 D1",18522,4.992184,no
2D,J,6,J-o0@A11,0,A11,"A11 B11 C11 D11",18522,4.992184,no
2D,J,7,J-o0@B1,0,B1,"B1 C1 D1 E1",18522,4.992184,no
2D,J,8,J-o0@B11,0,B11,"B11 C11 D11 E11",18522,4.992184,no
2D,J,9,J-o1@A4,1,A4,"A4 A5 A6 A7",15125,4.076600,no
2D,J,10,J-o1@A5,1,A5,"A5 A6 A7 A8",15125,4.076600,no
2D,J,11,J-o1@E4,1,E4,"E4 E5 E6 E7",15125,4.076600,no
2D,J,12,J-o1@E5,1,E5,"E5 E6 E7 E8",15125,4.076600,no
2D,J,13,J-o1@A3,1,A3,"A3 A4 A5 A6",11727,3.160746,no
2D,J,14,J-o1@A6,1,A6,"A6 A7 A8 A9",11727,3.160746,no
2D,J,15,J-o1@E3,1,E3,"E3 E4 E5 E6",11727,3.160746,no
2D,J,16,J-o1@E6,1,E6,"E6 E7 E8 E9",11727,3.160746,no
2D,J,17,J-o1@A2,1,A2,"A2 A3 A4 A5",9476,2.554040,no
2D,J,18,J-o1@A7,1,A7,"A7 A8 A9 A10",9476,2.554040,no
2D,J,19,J-o1@E2,1,E2,"E2 E3 E4 E5",9476,2.554040,no
2D,J,20,J-o1@E7,1,E7,"E7 E8 E9 E10",9476,2.554040,no
2D,J,21,J-o0@A4,0,A4,"A4 B4 C4 D4",2307,0.621799,no
2D,J,22,J-o0@A8,0,A8,"A8 B8 C8 D8",2307,0.621799,no
2D,J,23,J-o0@B4,0,B4,"B4 C4 D4 E4",2307,0.621799,no
2D,J,24,J-o0@B8,0,B8,"B8 C8 D8 E8",2307,0.621799,no
2D,J,25,J-o0@A5,0,A5,"A5 B5 C5 D5",1928,0.519649,no
2D,J,26,J-o0@A7,0,A7,"A7 B7 C7 D7",1928,0.519649,no
2D,J,27,J-o0@B5,0,B5,"B5 C5 D5 E5",1928,0.519649,no
2D,J,28,J-o0@B7,0,B7,"B7 C7 D7 E7",1928,0.519649,no
2D,J,29,J-o0@A6,0,A6,"A6 B6 C6 D6",1452,0.391354,no
2D,J,30,J-o0@B6,0,B6,"B6 C6 D6 E6",1452,0.391354,no
2D,J,31,J-o1@B2,1,B2,"B2 B3 B4 B5",1275,0.343647,no
2D,J,32,J-o1@B7,1,B7,"B7 B8 B9 B10",1275,0.343647,no
2D,J,33,J-o1@D2,1,D2,"D2 D3 D4 D5",1275,0.343647,no
2D,J,34,J-o1@D7,1,D7,"D7 D8 D9 D10",1275,0.343647,no
2D,J,35,J-o1@B3,1,B3,"B3 B4 B5 B6",917,0.247156,no
2D,J,36,J-o1@B6,1,B6,"B6 B7 B8 B9",917,0.247156,no
2D,J,37,J-o1@D3,1,D3,"D3 D4 D5 D6",917,0.247156,no
2D,J,38,J-o1@D6,1,D6,"D6 D7 D8 D9",917,0.247156,no
2D,J,39,J-o1@C2,1,C2,"C2 C3 C4 C5",886,0.238801,no
2D,J,40,J-o1@C7,1,C7,"C7 C8 C9 C10",886,0.238801,no
2D,J,41,J-o0@A3,0,A3,"A3 B3 C3 D3",817,0.220204,no
2D,J,42,J-o0@A9,0,A9,"A9 B9 C9 D9",817,0.220204,no
2D,J,43,J-o0@B3,0,B3,"B3 C3 D3 E3",817,0.220204,no
2D,J,44,J-o0@B9,0,B9,"B9 C9 D9 E9",817,0.220204,no
2D,J,45,J-o1@B4,1,B4,"B4 B5 B6 B7",406,0.109428,no
2D,J,46,J-o1@B5,1,B5,"B5 B6 B7 B8",406,0.109428,no
2D,J,47,J-o1@D4,1,D4,"D4 D5 D6 D7",406,0.109428,no
2D,J,48,J-o1@D5,1,D5,"D5 D6 D7 D8",406,0.109428,no
2D,J,49,J-o1@C1,1,C1,"C1 C2 C3 C4",396,0.106733,no
2D,J,50,J-o1@C8,1,C8,"C8 C9 C10 C11",396,0.106733,no
2D,J,51,J-o1@C4,1,C4,"C4 C5 C6 C7",388,0.104577,no
2D,J,52,J-o1@C5,1,C5,"C5 C6 C7 C8",388,0.104577,no
2D,J,53,J-o1@C3,1,C3,"C3 C4 C5 C6",362,0.097569,no
2D,J,54,J-o1@C6,1,C6,"C6 C7 C8 C9",362,0.097569,no
2D,J,55,J-o0@A10,0,A10,"A10 B10 C10 D10",0,0.000000,yes
2D,J,56,J-o0@A2,0,A2,"A2 B2 C2 D2",0,0.000000,yes
2D,J,57,J-o0@B10,0,B10,"B10 C10 D10 E10",0,0.000000,yes
2D,J,58,J-o0@B2,0,B2,"B2 C2 D2 E2",0,0.000000,yes
2D,J,59,J-o1@B1,1,B1,"B1 B2 B3 B4",0,0.000000,yes
2D,J,60,J-o1@B8,1,B8,"B8 B9 B10 B11",0,0.000000,yes
2D,J,61,J-o1@D1,1,D1,"D1 D2 D3 D4",0,0.000000,yes
2D,J,62,J-o1@D8,1,D8,"D8 D9 D10 D11",0,0.000000,yes
2D,K,1,K-o0@A1,0,A1,"A1 A2 B1 B2",33964,9.154223,no
2D,K,2,K-o0@A10,0,A10,"A10 A11 B10 B11",33964,9.154223,no
2D,K,3,K-o0@D1,0,D1,"D1 D2 E1 E2",33964,9.154223,no
2D,K,4,K-o0@D10,0,D10,"D10 D11 E10 E11",33964,9.154223,no
2D,K,5,K-o0@A2,0,A2,"A2 A3 B2 B3",9589,2.584497,no
2D,K,6,K-o0@A9,0,A9,"A9 A10 B9 B10",9589,2.584497,no
2D,K,7,K-o0@D2,0,D2,"D2 D3 E2 E3",9589,2.584497,no
2D,K,8,K-o0@D9,0,D9,"D9 D10 E9 E10",9589,2.584497,no
2D,K,9,K-o0@A5,0,A5,"A5 A6 B5 B6",9039,2.436257,no
2D,K,10,K-o0@A6,0,A6,"A6 A7 B6 B7",9039,2.436257,no
2D,K,11,K-o0@D5,0,D5,"D5 D6 E5 E6",9039,2.436257,no
2D,K,12,K-o0@D6,0,D6,"D6 D7 E6 E7",9039,2.436257,no
2D,K,13,K-o0@B2,0,B2,"B2 B3 C2 C3",7618,2.053259,no
2D,K,14,K-o0@B9,0,B9,"B9 B10 C9 C10",7618,2.053259,no
2D,K,15,K-o0@C2,0,C2,"C2 C3 D2 D3",7618,2.053259,no
2D,K,16,K-o0@C9,0,C9,"C9 C10 D9 D10",7618,2.053259,no
2D,K,17,K-o0@B1,0,B1,"B1 B2 C1 C2",6814,1.836559,no
2D,K,18,K-o0@B10,0,B10,"B10 B11 C10 C11",6814,1.836559,no
2D,K,19,K-o0@C1,0,C1,"C1 C2 D1 D2",6814,1.836559,no
2D,K,20,K-o0@C10,0,C10,"C10 C11 D10 D11",6814,1.836559,no
2D,K,21,K-o0@A4,0,A4,"A4 A5 B4 B5",6711,1.808797,no
2D,K,22,K-o0@A7,0,A7,"A7 A8 B7 B8",6711,1.808797,no
2D,K,23,K-o0@D4,0,D4,"D4 D5 E4 E5",6711,1.808797,no
2D,K,24,K-o0@D7,0,D7,"D7 D8 E7 E8",6711,1.808797,no
2D,K,25,K-o0@A3,0,A3,"A3 A4 B3 B4",5148,1.387526,no
2D,K,26,K-o0@A8,0,A8,"A8 A9 B8 B9",5148,1.387526,no
2D,K,27,K-o0@D3,0,D3,"D3 D4 E3 E4",5148,1.387526,no
2D,K,28,K-o0@D8,0,D8,"D8 D9 E8 E9",5148,1.387526,no
2D,K,29,K-o0@B3,0,B3,"B3 B4 C3 C4",4831,1.302086,no
2D,K,30,K-o0@B8,0,B8,"B8 B9 C8 C9",4831,1.302086,no
2D,K,31,K-o0@C3,0,C3,"C3 C4 D3 D4",4831,1.302086,no
2D,K,32,K-o0@C8,0,C8,"C8 C9 D8 D9",4831,1.302086,no
2D,K,33,K-o0@B4,0,B4,"B4 B5 C4 C5",4678,1.260848,no
2D,K,34,K-o0@B7,0,B7,"B7 B8 C7 C8",4678,1.260848,no
2D,K,35,K-o0@C4,0,C4,"C4 C5 D4 D5",4678,1.260848,no
2D,K,36,K-o0@C7,0,C7,"C7 C8 D7 D8",4678,1.260848,no
2D,K,37,K-o0@B5,0,B5,"B5 B6 C5 C6",4363,1.175947,no
2D,K,38,K-o0@B6,0,B6,"B6 B7 C6 C7",4363,1.175947,no
2D,K,39,K-o0@C5,0,C5,"C5 C6 D5 D6",4363,1.175947,no
2D,K,40,K-o0@C6,0,C6,"C6 C7 D6 D7",4363,1.175947,no
2D,L,1,L-o0@B6,0,B6,"B6 C5 C6 C7 D6",24492,6.601261,no
2D,L,2,L-o0@B10,0,B10,"B10 C9 C10 C11 D10",22290,6.007762,no
2D,L,3,L-o0@B2,0,B2,"B2 C1 C2 C3 D2",22290,6.007762,no
2D,L,4,L-o0@A3,0,A3,"A3 B2 B3 B4 C3",19029,5.128834,no
2D,L,5,L-o0@A9,0,A9,"A9 B8 B9 B10 C9",19029,5.128834,no
2D,L,6,L-o0@C3,0,C3,"C3 D2 D3 D4 E3",19029,5.128834,no
2D,L,7,L-o0@C9,0,C9,"C9 D8 D9 D10 E9",19029,5.128834,no
2D,L,8,L-o0@B4,0,B4,"B4 C3 C4 C5 D4",18954,5.108619,no
2D,L,9,L-o0@B8,0,B8,"B8 C7 C8 C9 D8",18954,5.108619,no
2D,L,10,L-o0@A5,0,A5,"A5 B4 B5 B6 C5",15739,4.242089,no
2D,L,11,L-o0@A7,0,A7,"A7 B6 B7 B8 C7",15739,4.242089,no
2D,L,12,L-o0@C5,0,C5,"C5 D4 D5 D6 E5",15739,4.242089,no
2D,L,13,L-o0@C7,0,C7,"C7 D6 D7 D8 E7",15739,4.242089,no
2D,L,14,L-o0@B5,0,B5,"B5 C4 C5 C6 D5",15640,4.215406,no
2D,L,15,L-o0@B7,0,B7,"B7 C6 C7 C8 D7",15640,4.215406,no
2D,L,16,L-o0@A6,0,A6,"A6 B5 B6 B7 C6",13500,3.638618,no
2D,L,17,L-o0@C6,0,C6,"C6 D5 D6 D7 E6",13500,3.638618,no
2D,L,18,L-o0@A4,0,A4,"A4 B3 B4 B5 C4",11991,3.231901,no
2D,L,19,L-o0@A8,0,A8,"A8 B7 B8 B9 C8",11991,3.231901,no
2D,L,20,L-o0@C4,0,C4,"C4 D3 D4 D5 E4",11991,3.231901,no
2D,L,21,L-o0@C8,0,C8,"C8 D7 D8 D9 E8",11991,3.231901,no
2D,L,22,L-o0@B3,0,B3,"B3 C2 C3 C4 D3",9362,2.523314,no
2D,L,23,L-o0@B9,0,B9,"B9 C8 C9 C10 D9",9362,2.523314,no
2D,L,24,L-o0@A10,0,A10,"A10 B9 B10 B11 C10",0,0.000000,yes
2D,L,25,L-o0@A2,0,A2,"A2 B1 B2 B3 C2",0,0.000000,yes
2D,L,26,L-o0@C10,0,C10,"C10 D9 D10 D11 E10",0,0.000000,yes
2D,L,27,L-o0@C2,0,C2,"C2 D1 D2 D3 E2",0,0.000000,yes
